CREATE DATABASE  IF NOT EXISTS `db_talaria` /*!40100 DEFAULT CHARACTER SET utf8 */;
USE `db_talaria`;
-- MySQL dump 10.13  Distrib 5.7.12, for Win64 (x86_64)
--
-- Host: localhost    Database: db_talaria
-- ------------------------------------------------------
-- Server version	5.7.13-log

/*!40101 SET @OLD_CHARACTER_SET_CLIENT=@@CHARACTER_SET_CLIENT */;
/*!40101 SET @OLD_CHARACTER_SET_RESULTS=@@CHARACTER_SET_RESULTS */;
/*!40101 SET @OLD_COLLATION_CONNECTION=@@COLLATION_CONNECTION */;
/*!40101 SET NAMES utf8 */;
/*!40103 SET @OLD_TIME_ZONE=@@TIME_ZONE */;
/*!40103 SET TIME_ZONE='+00:00' */;
/*!40014 SET @OLD_UNIQUE_CHECKS=@@UNIQUE_CHECKS, UNIQUE_CHECKS=0 */;
/*!40014 SET @OLD_FOREIGN_KEY_CHECKS=@@FOREIGN_KEY_CHECKS, FOREIGN_KEY_CHECKS=0 */;
/*!40101 SET @OLD_SQL_MODE=@@SQL_MODE, SQL_MODE='NO_AUTO_VALUE_ON_ZERO' */;
/*!40111 SET @OLD_SQL_NOTES=@@SQL_NOTES, SQL_NOTES=0 */;

--
-- Table structure for table `tl_activity`
--

DROP TABLE IF EXISTS `tl_activity`;
/*!40101 SET @saved_cs_client     = @@character_set_client */;
/*!40101 SET character_set_client = utf8 */;
CREATE TABLE `tl_activity` (
  `id` int(11) NOT NULL AUTO_INCREMENT,
  `activity` text NOT NULL,
  `dateAdded` timestamp NOT NULL DEFAULT CURRENT_TIMESTAMP,
  `status` tinyint(1) NOT NULL DEFAULT '1',
  PRIMARY KEY (`id`)
) ENGINE=InnoDB AUTO_INCREMENT=667 DEFAULT CHARSET=utf8;
/*!40101 SET character_set_client = @saved_cs_client */;

--
-- Dumping data for table `tl_activity`
--

LOCK TABLES `tl_activity` WRITE;
/*!40000 ALTER TABLE `tl_activity` DISABLE KEYS */;
INSERT INTO `tl_activity` VALUES (1,'Anonymous user logged in.','2016-07-21 04:59:40',1),(2,'Anonymous user added product Pegasus Boots.','2016-07-21 05:00:26',1),(3,'User with id#2 - LannisterPM logged in.','2016-07-21 05:06:27',1),(4,'User with id#2 - LannisterPM logged in.','2016-07-21 05:07:27',1),(5,'User with id#2 - LannisterPM refreshed their session.','2016-07-21 05:10:59',1),(6,'User with id#2 - LannisterPM refreshed their session.','2016-07-21 05:12:37',1),(7,'User with id#2 - LannisterPM refreshed their session.','2016-07-21 05:12:46',1),(8,'User with id#2 - LannisterPM deleted item 1.','2016-07-21 05:12:46',1),(9,'User with id#2 - LannisterPM refreshed their session.','2016-07-21 05:13:13',1),(10,'User with id#2 - LannisterPM deleted item 1.','2016-07-21 05:13:13',1),(11,'User with id#2 - LannisterPM refreshed their session.','2016-07-21 05:15:17',1),(12,'User with id#2 - LannisterPM refreshed their session.','2016-07-21 05:15:19',1),(13,'User with id#2 - LannisterPM refreshed their session.','2016-07-21 05:15:30',1),(14,'User with id#2 - LannisterPM added product Pegasus Boots.','2016-07-21 05:15:30',1),(15,'User with id#2 - LannisterPM refreshed their session.','2016-07-21 05:15:30',1),(16,'User with id#2 - LannisterPM refreshed their session.','2016-07-21 05:15:32',1),(17,'User with id#2 - LannisterPM deleted item 1.','2016-07-21 05:15:33',1),(18,'User with id#2 - LannisterPM refreshed their session.','2016-07-21 05:16:11',1),(19,'User with id#2 - LannisterPM refreshed their session.','2016-07-21 05:16:14',1),(20,'User with id#2 - LannisterPM refreshed their session.','2016-07-21 05:16:16',1),(21,'User with id#2 - LannisterPM deleted item 1.','2016-07-21 05:16:16',1),(22,'User with id#2 - LannisterPM refreshed their session.','2016-07-21 05:17:23',1),(23,'User with id#2 - LannisterPM refreshed their session.','2016-07-21 05:17:24',1),(24,'User with id#2 - LannisterPM refreshed their session.','2016-07-21 05:18:33',1),(25,'User with id#2 - LannisterPM refreshed their session.','2016-07-21 05:18:36',1),(26,'User with id#2 - LannisterPM deleted item 1.','2016-07-21 05:18:37',1),(27,'User with id#2 - LannisterPM refreshed their session.','2016-07-21 05:20:14',1),(28,'User with id#2 - LannisterPM refreshed their session.','2016-07-21 05:28:43',1),(29,'User with id#2 - LannisterPM refreshed their session.','2016-07-21 05:29:26',1),(30,'User with id#2 - LannisterPM refreshed their session.','2016-07-21 05:29:56',1),(31,'User with id#2 - LannisterPM refreshed their session.','2016-07-21 05:29:56',1),(32,'User with id#2 - LannisterPM refreshed their session.','2016-07-21 05:35:48',1),(33,'User with id#2 - LannisterPM refreshed their session.','2016-07-21 05:36:16',1),(34,'User with id#2 - LannisterPM added product Running Shoes.','2016-07-21 05:36:17',1),(35,'User with id#2 - LannisterPM refreshed their session.','2016-07-21 05:36:17',1),(36,'User with id#2 - LannisterPM refreshed their session.','2016-07-21 05:37:02',1),(37,'User with id#2 - LannisterPM refreshed their session.','2016-07-21 05:37:10',1),(38,'User with id#2 - LannisterPM refreshed their session.','2016-07-21 05:37:13',1),(39,'User with id#2 - LannisterPM refreshed their session.','2016-07-21 05:37:19',1),(40,'User with id#2 - LannisterPM logged in.','2016-07-21 05:39:27',1),(41,'User with id#2 - LannisterPM added product Hermes\' Sandals.','2016-07-21 05:43:09',1),(42,'User with id#2 - LannisterPM refreshed their session.','2016-07-21 05:48:06',1),(43,'User with id#2 - LannisterPM refreshed their session.','2016-07-21 05:48:11',1),(44,'User with id#2 - LannisterPM refreshed their session.','2016-07-21 05:48:17',1),(45,'User with id#2 - LannisterPM refreshed their session.','2016-07-21 05:48:30',1),(46,'User with id#2 - LannisterPM edited item 5.','2016-07-21 05:48:30',1),(47,'User with id#2 - LannisterPM refreshed their session.','2016-07-21 05:48:30',1),(48,'User with id#2 - LannisterPM refreshed their session.','2016-07-21 05:52:44',1),(49,'User with id#2 - LannisterPM edited item 5.','2016-07-21 05:52:44',1),(50,'User with id#2 - LannisterPM refreshed their session.','2016-07-21 05:52:44',1),(51,'User with id#2 - LannisterPM refreshed their session.','2016-07-21 05:56:03',1),(52,'User with id#2 - LannisterPM refreshed their session.','2016-07-21 05:56:14',1),(53,'User with id#2 - LannisterPM refreshed their session.','2016-07-21 05:58:23',1),(54,'User with id#2 - LannisterPM refreshed their session.','2016-07-21 05:59:14',1),(55,'User with id#2 - LannisterPM logged in.','2016-07-21 06:02:26',1),(56,'User with id#2 - LannisterPM refreshed their session.','2016-07-21 06:02:50',1),(57,'User with id#2 - LannisterPM logged in.','2016-07-21 06:06:33',1),(58,'User with id#2 - LannisterPM logged out.','2016-07-21 06:06:37',1),(59,'User with id#2 - LannisterPM logged in.','2016-07-21 07:48:08',1),(60,'User with id#2 - LannisterPM edited item 3.','2016-07-21 07:48:21',1),(61,'User with id#2 - LannisterPM logged out.','2016-07-21 07:48:31',1),(62,'User with id#2 - LannisterPM logged in.','2016-07-21 08:02:18',1),(63,'User with id#2 - LannisterPM logged out.','2016-07-21 08:02:47',1),(64,'User with id#2 - LannisterPM logged in.','2016-07-21 08:31:23',1),(65,'User with id#2 - LannisterPM logged out.','2016-07-21 08:31:25',1),(66,'User with id#3 - LannisterAM logged in.','2016-07-21 08:31:34',1),(67,'User with id#3 - LannisterAM logged out.','2016-07-21 08:31:37',1),(68,'User with id#1 - LannisterCustomer logged in.','2016-07-21 08:32:01',1),(69,'User with id#1 - LannisterCustomer logged out.','2016-07-21 08:32:09',1),(70,'User with id#4 - LannisterAdmin logged in.','2016-07-21 10:46:54',1),(71,'User with id#4 - LannisterAdmin refreshed their session.','2016-07-21 10:48:26',1),(72,'User with id#4 - LannisterAdmin refreshed their session.','2016-07-21 10:50:43',1),(73,'User with id#4 - LannisterAdmin refreshed their session.','2016-07-21 10:52:02',1),(74,'User with id#4 - LannisterAdmin refreshed their session.','2016-07-21 10:52:11',1),(75,'User with id#4 - LannisterAdmin refreshed their session.','2016-07-21 10:53:57',1),(76,'User with id#4 - LannisterAdmin refreshed their session.','2016-07-21 10:54:28',1),(77,'User with id#4 - LannisterAdmin refreshed their session.','2016-07-21 11:10:27',1),(78,'User with id#4 - LannisterAdmin refreshed their session.','2016-07-21 11:11:21',1),(79,'User with id#4 - LannisterAdmin refreshed their session.','2016-07-21 11:11:57',1),(80,'User with id#4 - LannisterAdmin refreshed their session.','2016-07-21 11:14:05',1),(81,'User with id#4 - LannisterAdmin refreshed their session.','2016-07-21 11:15:22',1),(82,'User with id#4 - LannisterAdmin refreshed their session.','2016-07-21 11:15:22',1),(83,'User with id#4 - LannisterAdmin logged in.','2016-07-21 11:17:17',1),(84,'User with id#4 - LannisterAdmin refreshed their session.','2016-07-21 11:19:34',1),(85,'User with id#4 - LannisterAdmin refreshed their session.','2016-07-21 11:21:31',1),(86,'User with id#4 - LannisterAdmin refreshed their session.','2016-07-21 11:22:23',1),(87,'User with id#4 - LannisterAdmin created user AldsTM.','2016-07-21 11:22:31',1),(88,'User with id#4 - LannisterAdmin created user AldsTM.','2016-07-21 11:23:05',1),(89,'User with id#4 - LannisterAdmin logged out.','2016-07-21 11:24:35',1),(90,'User with id#5 - AldsTM logged in.','2016-07-21 11:25:36',1),(91,'User with id#5 - AldsTM logged out.','2016-07-21 11:25:41',1),(92,'User with id#4 - LannisterAdmin logged in.','2016-07-21 11:25:52',1),(93,'User with id#4 - LannisterAdmin refreshed their session.','2016-07-21 11:27:55',1),(94,'User with id#4 - LannisterAdmin created user clareeseAM.','2016-07-21 11:28:27',1),(95,'User with id#4 - LannisterAdmin created user AldsAM.','2016-07-21 11:29:34',1),(96,'User with id#4 - LannisterAdmin created user clareesePM.','2016-07-21 11:30:22',1),(97,'User with id#4 - LannisterAdmin refreshed their session.','2016-07-21 11:37:10',1),(98,'User with id#4 - LannisterAdmin changed their password.','2016-07-21 11:38:33',1),(99,'User with id#4 - LannisterAdmin logged out.','2016-07-21 11:38:37',1),(100,'User with id#4 - LannisterAdmin logged in.','2016-07-21 11:38:44',1),(101,'User with id#4 - LannisterAdmin changed their password.','2016-07-21 11:38:58',1),(102,'User with id#4 - LannisterAdmin refreshed their session.','2016-07-21 11:39:56',1),(103,'User with id#4 - LannisterAdmin refreshed their session.','2016-07-21 11:39:56',1),(104,'User with id#4 - LannisterAdmin changed their password.','2016-07-21 11:40:09',1),(105,'User with id#4 - LannisterAdmin refreshed their session.','2016-07-21 11:48:34',1),(106,'User with id#4 - LannisterAdmin created user JonahPM.','2016-07-21 11:48:59',1),(107,'User with id#4 - LannisterAdmin refreshed their session.','2016-07-21 11:53:33',1),(108,'User with id#4 - LannisterAdmin logged out.','2016-07-21 11:53:33',1),(109,'User with id#9 - JonahPM logged in.','2016-07-21 11:57:23',1),(110,'User with id#9 - JonahPM changed their password.','2016-07-21 11:57:33',1),(111,'User with id#9 - JonahPM refreshed their session.','2016-07-21 12:00:06',1),(112,'User with id#9 - JonahPM logged out.','2016-07-21 12:00:06',1),(113,'User with id#4 - LannisterAdmin logged in.','2016-07-21 12:00:59',1),(114,'User with id#4 - LannisterAdmin refreshed their session.','2016-07-21 12:08:45',1),(115,'User with id#4 - LannisterAdmin logged out.','2016-07-21 12:08:45',1),(116,'User with id#4 - LannisterAdmin logged in.','2016-07-21 12:08:53',1),(117,'User with id#4 - LannisterAdmin refreshed their session.','2016-07-21 12:13:48',1),(118,'User with id#4 - LannisterAdmin refreshed their session.','2016-07-21 12:14:48',1),(119,'User with id#4 - LannisterAdmin refreshed their session.','2016-07-21 12:16:03',1),(120,'User with id#4 - LannisterAdmin refreshed their session.','2016-07-21 12:17:15',1),(121,'User with id#4 - LannisterAdmin refreshed their session.','2016-07-21 12:25:14',1),(122,'User with id#4 - LannisterAdmin logged out.','2016-07-21 12:30:35',1),(123,'User with id#4 - LannisterAdmin logged in.','2016-07-21 12:30:54',1),(124,'User with id#4 - LannisterAdmin created user JonahAM.','2016-07-21 12:31:45',1),(125,'Anonymous user tried to access editAccount and failed.','2016-07-22 01:12:18',1),(126,'User with id#8 - clareesePM logged in.','2016-07-22 01:17:41',1),(127,'User with id#8 - clareesePM refreshed their session.','2016-07-22 01:23:04',1),(128,'User with id#8 - clareesePM \'s session expired.','2016-07-22 01:28:13',1),(129,'User with id#8 - clareesePM logged out.','2016-07-22 01:28:13',1),(130,'User with id#4 - LannisterAdmin logged in.','2016-07-22 01:29:29',1),(131,'User with id#4 - LannisterAdmin refreshed their session.','2016-07-22 01:46:58',1),(132,'User with id#4 - LannisterAdmin logged out.','2016-07-22 01:46:58',1),(133,'Anonymous user ran into the error Column \'dateAdded\' in field list is ambiguous.','2016-07-22 01:48:12',1),(134,'Anonymous user ran into the error Column \'dateAdded\' in field list is ambiguous.','2016-07-22 01:48:37',1),(135,'User with id#2 - LannisterPM logged in.','2016-07-22 01:48:50',1),(136,'User with id#2 - LannisterPM ran into the error null.','2016-07-22 01:49:12',1),(137,'User with id#2 - LannisterPM ran into the error null.','2016-07-22 01:49:21',1),(138,'User with id#2 - LannisterPM refreshed their session.','2016-07-22 01:51:33',1),(139,'User with id#2 - LannisterPM changed their password.','2016-07-22 01:51:34',1),(140,'User with id#2 - LannisterPM logged in.','2016-07-22 03:12:58',1),(141,'User with id#2 - LannisterPM edited item 5.','2016-07-22 03:13:22',1),(142,'User with id#2 - LannisterPM \'s session expired.','2016-07-22 03:36:10',1),(143,'User with id#2 - LannisterPM logged out.','2016-07-22 03:36:10',1),(144,'User with id#2 - LannisterPM logged in.','2016-07-22 14:04:04',1),(145,'User with id#2 - LannisterPM edited item 5.','2016-07-22 14:05:49',1),(146,'User with id#7 - AldsAM logged in.','2016-07-25 03:14:35',1),(147,'User with id#7 - AldsAM logged out.','2016-07-25 03:15:38',1),(148,'User with id#4 - LannisterAdmin logged in.','2016-07-25 03:17:03',1),(149,'User with id#4 - LannisterAdmin created user ChengPM.','2016-07-25 03:17:51',1),(150,'User with id#4 - LannisterAdmin logged out.','2016-07-25 03:18:15',1),(151,'User with id#11 - ChengPM logged in.','2016-07-25 03:18:21',1),(152,'User with id#11 - ChengPM changed their password.','2016-07-25 03:18:57',1),(153,'User with id#11 - ChengPM edited item 5.','2016-07-25 03:20:04',1),(154,'User with id#11 - ChengPM \'s session expired.','2016-07-25 03:29:58',1),(155,'User with id#11 - ChengPM logged out.','2016-07-25 03:29:58',1),(156,'Anonymous user tried to access editProduct and failed.','2016-07-25 03:29:58',1),(157,'User with id#11 - ChengPM logged in.','2016-07-25 03:30:13',1),(158,'User with id#11 - ChengPM edited item 5.','2016-07-25 03:30:29',1),(159,'User with id#11 - ChengPM \'s session expired.','2016-07-25 03:55:10',1),(160,'User with id#11 - ChengPM logged out.','2016-07-25 03:55:11',1),(161,'Anonymous user tried to access createAccount and failed.','2016-07-25 03:55:11',1),(162,'User with id#2 - LannisterPM logged in.','2016-07-25 03:55:26',1),(163,'User with id#2 - LannisterPM refreshed their session.','2016-07-25 03:58:25',1),(164,'User with id#2 - LannisterPM refreshed their session.','2016-07-25 04:00:28',1),(165,'User with id#2 - LannisterPM tried to access createAccount and failed.','2016-07-25 04:00:28',1),(166,'User with id#2 - LannisterPM logged out.','2016-07-25 04:00:59',1),(167,'User with id#4 - LannisterAdmin logged in.','2016-07-25 04:01:07',1),(168,'User with id#4 - LannisterAdmin tried to access addProduct and failed.','2016-07-25 04:01:16',1),(169,'User with id#2 - LannisterPM logged in.','2016-07-25 07:07:01',1),(170,'User with id#2 - LannisterPM ran into the error Column \'name\' in where clause is ambiguous.','2016-07-25 07:08:35',1),(171,'User with id#2 - LannisterPM ran into the error Column \'name\' in where clause is ambiguous.','2016-07-25 07:09:41',1),(172,'User with id#2 - LannisterPM logged in.','2016-07-25 07:25:21',1),(173,'User with id#2 - LannisterPM added product \'); DROP SCHEMA db_talaria;.','2016-07-25 07:25:42',1),(174,'User with id#2 - LannisterPM \'s session expired.','2016-07-25 07:40:24',1),(175,'User with id#2 - LannisterPM logged out.','2016-07-25 07:40:24',1),(176,'User with id#5 - AldsTM logged in.','2016-07-25 07:40:31',1),(177,'User with id#5 - AldsTM ran into the error Data truncation: Data too long for column \'name\' at row 1.','2016-07-25 07:40:45',1),(178,'User with id#5 - AldsTM added product <marquee>Tits</marquee> .','2016-07-25 07:42:20',1),(179,'Anonymous user searched for \"<marquee scrollamount=\"20\"><img src=\"http://www.mybigtitsbabes.com/wordpress/images2/ellie/big-tits-bed.jpg\"/><img src=\"http://www.mybigtitsbabes.com/wordpress/images2/alyssa/tit-flashing.jpg\"/><img src=\"http://cdn5.image.youporn.phncdn.com/m=eaAaaEjb/201105/20/578276/original/8/freckled-brunette-fucks-and-takes-a-load-on-her-huge-tits-8.jpg\"/><img src=\"http://www.mybigtitsbabes.com/wordpress/images2/charley/charley-big-tits.jpg\"/></marquee>\" of type null.','2016-07-25 08:45:45',1),(180,'Anonymous user searched for \"<marquee scrollamount=\"20\"><img src=\"http://www.mybigtitsbabes.com/wordpress/images2/ellie/big-tits-bed.jpg\"/><img src=\"http://www.mybigtitsbabes.com/wordpress/images2/alyssa/tit-flashing.jpg\"/><img src=\"http://cdn5.image.youporn.phncdn.com/m=eaAaaEjb/201105/20/578276/original/8/freckled-brunette-fucks-and-takes-a-load-on-her-huge-tits-8.jpg\"/><img src=\"http://www.mybigtitsbabes.com/wordpress/images2/charley/charley-big-tits.jpg\"/></marquee>\" of type null.','2016-07-25 08:46:46',1),(181,'Anonymous user searched for \"<marquee scrollamount=\"20\"><img src=\"http://www.mybigtitsbabes.com/wordpress/images2/ellie/big-tits-bed.jpg\"/><img src=\"http://www.mybigtitsbabes.com/wordpress/images2/alyssa/tit-flashing.jpg\"/><img src=\"http://cdn5.image.youporn.phncdn.com/m=eaAaaEjb/201105/20/578276/original/8/freckled-brunette-fucks-and-takes-a-load-on-her-huge-tits-8.jpg\"/><img src=\"http://www.mybigtitsbabes.com/wordpress/images2/charley/charley-big-tits.jpg\"/></marquee>\" of type null.','2016-07-25 08:52:03',1),(182,'Anonymous user searched for \"<marquee scrollamount=\"20\"><img src=\"http://www.mybigtitsbabes.com/wordpress/images2/ellie/big-tits-bed.jpg\"/><img src=\"http://www.mybigtitsbabes.com/wordpress/images2/alyssa/tit-flashing.jpg\"/><img src=\"http://cdn5.image.youporn.phncdn.com/m=eaAaaEjb/201105/20/578276/original/8/freckled-brunette-fucks-and-takes-a-load-on-her-huge-tits-8.jpg\"/><img src=\"http://www.mybigtitsbabes.com/wordpress/images2/charley/charley-big-tits.jpg\"/></marquee>\" of type null.','2016-07-25 08:52:22',1),(183,'Anonymous user with ip address 0:0:0:0:0:0:0:1 searched for \"<marquee scrollamount=\"20\"><img src=\"http://www.mybigtitsbabes.com/wordpress/images2/ellie/big-tits-bed.jpg\"/><img src=\"http://www.mybigtitsbabes.com/wordpress/images2/alyssa/tit-flashing.jpg\"/><img src=\"http://cdn5.image.youporn.phncdn.com/m=eaAaaEjb/201105/20/578276/original/8/freckled-brunette-fucks-and-takes-a-load-on-her-huge-tits-8.jpg\"/><img src=\"http://www.mybigtitsbabes.com/wordpress/images2/charley/charley-big-tits.jpg\"/></marquee>\" of type null.','2016-07-25 08:53:25',1),(184,'Anonymous user with ip address 192.168.1.42 searched for \"<marquee scrollamount=\"20\"><img src=\"http://www.mybigtitsbabes.com/wordpress/images2/ellie/big-tits-bed.jpg\"/><img src=\"http://www.mybigtitsbabes.com/wordpress/images2/alyssa/tit-flashing.jpg\"/><img src=\"http://cdn5.image.youporn.phncdn.com/m=eaAaaEjb/201105/20/578276/original/8/freckled-brunette-fucks-and-takes-a-load-on-her-huge-tits-8.jpg\"/><img src=\"http://www.mybigtitsbabes.com/wordpress/images2/charley/charley-big-tits.jpg\"/></marquee>\" of type null.','2016-07-25 08:57:11',1),(185,'Anonymous user with ip address 0:0:0:0:0:0:0:1 searched for \"Tits\" of type null.','2016-07-25 08:58:11',1),(186,'Anonymous user with ip address 192.168.1.42 searched for \"<marquee scrollamount=\"20\"><img src=\"http://www.mybigtitsbabes.com/wordpress/images2/ellie/big-tits-bed.jpg\"/><img src=\"http://www.mybigtitsbabes.com/wordpress/images2/alyssa/tit-flashing.jpg\"/><br/><img src=\"http://cdn5.image.youporn.phncdn.com/m=eaAaaEjb/201105/20/578276/original/8/freckled-brunette-fucks-and-takes-a-load-on-her-huge-tits-8.jpg\"/><img src=\"http://www.mybigtitsbabes.com/wordpress/images2/charley/charley-big-tits.jpg\"/></marquee>\" of type null.','2016-07-25 08:58:29',1),(187,'User with id#9 - JonahPM logged in.','2016-07-25 08:59:07',1),(188,'User with id#9 - JonahPM searched for \"<marquee>Japanese Tits</marquee>\" of type null.','2016-07-25 08:59:16',1),(189,'Anonymous user with ip address 192.168.1.42 searched for \"<marquee scrollamount=\"20\"><img height=\"600px\" src=\"http://www.mybigtitsbabes.com/wordpress/images2/ellie/big-tits-bed.jpg\"/><img height=\"600px\" src=\"http://www.mybigtitsbabes.com/wordpress/images2/alyssa/tit-flashing.jpg\"/><br/><img height=\"600px\" src=\"http://cdn5.image.youporn.phncdn.com/m=eaAaaEjb/201105/20/578276/original/8/freckled-brunette-fucks-and-takes-a-load-on-her-huge-tits-8.jpg\"/><img height=\"600px\" src=\"http://www.mybigtitsbabes.com/wordpress/images2/charley/charley-big-tits.jpg\"/></marquee>\" of type null.','2016-07-25 08:59:19',1),(190,'Anonymous user with ip address 192.168.1.42 searched for \"<marquee scrollamount=\"20\"><img height=\"300px\" src=\"http://www.mybigtitsbabes.com/wordpress/images2/ellie/big-tits-bed.jpg\"/><img height=\"300px\" src=\"http://www.mybigtitsbabes.com/wordpress/images2/alyssa/tit-flashing.jpg\"/><br/><img height=\"300px\" src=\"http://cdn5.image.youporn.phncdn.com/m=eaAaaEjb/201105/20/578276/original/8/freckled-brunette-fucks-and-takes-a-load-on-her-huge-tits-8.jpg\"/><img height=\"300px\" src=\"http://www.mybigtitsbabes.com/wordpress/images2/charley/charley-big-tits.jpg\"/></marquee>\" of type null.','2016-07-25 08:59:48',1),(191,'Anonymous user with ip address 192.168.1.42 searched for \"<marquee>Japanese Tits</marquee>\" of type null.','2016-07-25 08:59:51',1),(192,'Anonymous user with ip address 192.168.1.42 searched for \"<marquee>Japanese Tits</marquee>\" of type null.','2016-07-25 08:59:52',1),(193,'Anonymous user with ip address 192.168.1.42 searched for \"<marquee>Japanese Tits</marquee>\" of type null.','2016-07-25 08:59:52',1),(194,'Anonymous user with ip address 192.168.1.42 searched for \"<marquee>Japanese Tits</marquee>\" of type null.','2016-07-25 08:59:53',1),(195,'Anonymous user with ip address 192.168.1.42 searched for \"<marquee>Japanese Tits</marquee>\" of type null.','2016-07-25 08:59:53',1),(196,'Anonymous user with ip address 192.168.1.42 searched for \"<marquee>Japanese Tits</marquee>\" of type null.','2016-07-25 08:59:53',1),(197,'Anonymous user with ip address 192.168.1.42 searched for \"<marquee>Japanese Tits</marquee>\" of type null.','2016-07-25 08:59:53',1),(198,'Anonymous user with ip address 192.168.1.42 searched for \"<marquee>Japanese Tits</marquee>\" of type null.','2016-07-25 08:59:53',1),(199,'Anonymous user with ip address 192.168.1.42 searched for \"<marquee>Japanese Tits</marquee>\" of type null.','2016-07-25 08:59:54',1),(200,'Anonymous user with ip address 192.168.1.42 searched for \"<marquee>Japanese Tits</marquee>\" of type null.','2016-07-25 08:59:54',1),(201,'Anonymous user with ip address 192.168.1.42 searched for \"<marquee>Japanese Tits</marquee>\" of type null.','2016-07-25 08:59:54',1),(202,'Anonymous user with ip address 192.168.1.42 searched for \"<marquee>Japanese Tits</marquee>\" of type null.','2016-07-25 08:59:54',1),(203,'Anonymous user with ip address 192.168.1.42 searched for \"<marquee>Japanese Tits</marquee>\" of type null.','2016-07-25 08:59:54',1),(204,'Anonymous user with ip address 192.168.1.42 searched for \"<marquee>Japanese Tits</marquee>\" of type null.','2016-07-25 08:59:55',1),(205,'Anonymous user with ip address 192.168.1.42 searched for \"<marquee>Japanese Tits</marquee>\" of type null.','2016-07-25 08:59:55',1),(206,'Anonymous user with ip address 192.168.1.42 searched for \"<marquee>Japanese Tits</marquee>\" of type null.','2016-07-25 08:59:55',1),(207,'Anonymous user with ip address 192.168.1.42 searched for \"<marquee>Japanese Tits</marquee>\" of type null.','2016-07-25 08:59:55',1),(208,'Anonymous user with ip address 192.168.1.42 searched for \"<marquee>Japanese Tits</marquee>\" of type null.','2016-07-25 08:59:55',1),(209,'Anonymous user with ip address 192.168.1.42 searched for \"<marquee>Japanese Tits</marquee>\" of type null.','2016-07-25 08:59:56',1),(210,'Anonymous user with ip address 192.168.1.42 searched for \"<marquee>Japanese Tits</marquee>\" of type null.','2016-07-25 08:59:56',1),(211,'Anonymous user with ip address 192.168.1.42 searched for \"<marquee>Japanese Tits</marquee>\" of type null.','2016-07-25 08:59:56',1),(212,'Anonymous user with ip address 192.168.1.42 searched for \"<marquee>Japanese Tits</marquee>\" of type null.','2016-07-25 08:59:56',1),(213,'Anonymous user with ip address 192.168.1.42 searched for \"<marquee>Japanese Tits</marquee>\" of type null.','2016-07-25 08:59:56',1),(214,'Anonymous user with ip address 192.168.1.42 searched for \"<marquee>Japanese Tits</marquee>\" of type null.','2016-07-25 08:59:57',1),(215,'Anonymous user with ip address 192.168.1.42 searched for \"<marquee>Japanese Tits</marquee>\" of type null.','2016-07-25 08:59:57',1),(216,'Anonymous user with ip address 192.168.1.42 searched for \"<marquee>Japanese Tits</marquee>\" of type null.','2016-07-25 08:59:57',1),(217,'Anonymous user with ip address 192.168.1.42 searched for \"<marquee>Japanese Tits</marquee>\" of type null.','2016-07-25 08:59:57',1),(218,'Anonymous user with ip address 192.168.1.42 searched for \"<marquee>Japanese Tits</marquee>\" of type null.','2016-07-25 08:59:58',1),(219,'Anonymous user with ip address 192.168.1.42 searched for \"<marquee>Japanese Tits</marquee>\" of type null.','2016-07-25 08:59:58',1),(220,'Anonymous user with ip address 192.168.1.42 searched for \"<marquee>Japanese Tits</marquee>\" of type null.','2016-07-25 08:59:58',1),(221,'Anonymous user with ip address 192.168.1.42 searched for \"<marquee>Japanese Tits</marquee>\" of type null.','2016-07-25 08:59:58',1),(222,'Anonymous user with ip address 192.168.1.42 searched for \"<marquee>Japanese Tits</marquee>\" of type null.','2016-07-25 08:59:58',1),(223,'Anonymous user with ip address 192.168.1.42 searched for \"<marquee>Japanese Tits</marquee>\" of type null.','2016-07-25 08:59:59',1),(224,'Anonymous user with ip address 192.168.1.42 logged out.','2016-07-25 09:00:09',1),(225,'User with id#9 - JonahPM logged in.','2016-07-25 09:04:13',1),(226,'User with id#9 - JonahPM searched for \"<marquee scrollamount=\"20\"><img src=\"http://www.mybigtitsbabes.com/wordpress/images2/ellie/big-tits-bed.jpg\"/><img src=\"http://www.mybigtitsbabes.com/wordpress/images2/alyssa/tit-flashing.jpg\"/><img src=\"http://cdn5.image.youporn.phncdn.com/m=eaAaaEjb/201105/20/578276/original/8/freckled-brunette-fucks-and-takes-a-load-on-her-huge-tits-8.jpg\"/><img src=\"http://www.mybigtitsbabes.com/wordpress/images2/charley/charley-big-tits.jpg\"/></marquee>\" of type null.','2016-07-25 09:04:23',1),(227,'User with id#9 - JonahPM logged out.','2016-07-25 09:04:29',1),(228,'Anonymous user with ip address 127.0.0.1 ran into the error Expired Account.','2016-07-25 09:07:39',1),(229,'User with id#1 - LannisterCustomer logged in.','2016-07-25 09:07:40',1),(230,'User with id#1 - LannisterCustomer searched for \"<marquee scrollamount=\"20\"><img src=\"http://www.mybigtitsbabes.com/wordpress/images2/ellie/big-tits-bed.jpg\"/><img src=\"http://www.mybigtitsbabes.com/wordpress/images2/alyssa/tit-flashing.jpg\"/><img src=\"http://cdn5.image.youporn.phncdn.com/m=eaAaaEjb/201105/20/578276/original/8/freckled-brunette-fucks-and-takes-a-load-on-her-huge-tits-8.jpg\"/><img src=\"http://www.mybigtitsbabes.com/wordpress/images2/charley/charley-big-tits.jpg\"/></marquee>\" of type null.','2016-07-25 09:07:40',1),(231,'User with id#3 - LannisterAM logged in.','2016-07-25 09:07:40',1),(232,'Anonymous user with ip address 127.0.0.1 logged in.','2016-07-25 09:07:40',1),(233,'User with id#2 - LannisterPM logged in.','2016-07-25 09:07:40',1),(234,'User with id#2 - LannisterPM searched for \"<marquee scrollamount=\"20\"><img src=\"http://www.mybigtitsbabes.com/wordpress/images2/ellie/big-tits-bed.jpg\"/><img src=\"http://www.mybigtitsbabes.com/wordpress/images2/alyssa/tit-flashing.jpg\"/><img src=\"http://cdn5.image.youporn.phncdn.com/m=eaAaaEjb/201105/20/578276/original/8/freckled-brunette-fucks-and-takes-a-load-on-her-huge-tits-8.jpg\"/><img src=\"http://www.mybigtitsbabes.com/wordpress/images2/charley/charley-big-tits.jpg\"/></marquee>\" of type null.','2016-07-25 09:07:40',1),(235,'User with id#4 - LannisterAdmin logged in.','2016-07-25 09:07:41',1),(236,'User with id#8 - clareesePM searched for \"<marquee scrollamount=\"20\"><img src=\"http://www.mybigtitsbabes.com/wordpress/images2/ellie/big-tits-bed.jpg\"/><img src=\"http://www.mybigtitsbabes.com/wordpress/images2/alyssa/tit-flashing.jpg\"/><img src=\"http://cdn5.image.youporn.phncdn.com/m=eaAaaEjb/201105/20/578276/original/8/freckled-brunette-fucks-and-takes-a-load-on-her-huge-tits-8.jpg\"/><img src=\"http://www.mybigtitsbabes.com/wordpress/images2/charley/charley-big-tits.jpg\"/></marquee>\" of type null.','2016-07-25 09:07:41',1),(237,'User with id#8 - clareesePM logged in.','2016-07-25 09:07:41',1),(238,'User with id#8 - clareesePM logged in.','2016-07-25 09:07:41',1),(239,'User with id#9 - JonahPM searched for \"<marquee scrollamount=\"20\"><img src=\"http://www.mybigtitsbabes.com/wordpress/images2/ellie/big-tits-bed.jpg\"/><img src=\"http://www.mybigtitsbabes.com/wordpress/images2/alyssa/tit-flashing.jpg\"/><img src=\"http://cdn5.image.youporn.phncdn.com/m=eaAaaEjb/201105/20/578276/original/8/freckled-brunette-fucks-and-takes-a-load-on-her-huge-tits-8.jpg\"/><img src=\"http://www.mybigtitsbabes.com/wordpress/images2/charley/charley-big-tits.jpg\"/></marquee>\" of type null.','2016-07-25 09:07:41',1),(240,'User with id#9 - JonahPM searched for \"<marquee scrollamount=\"20\"><img src=\"http://www.mybigtitsbabes.com/wordpress/images2/ellie/big-tits-bed.jpg\"/><img src=\"http://www.mybigtitsbabes.com/wordpress/images2/alyssa/tit-flashing.jpg\"/><img src=\"http://cdn5.image.youporn.phncdn.com/m=eaAaaEjb/201105/20/578276/original/8/freckled-brunette-fucks-and-takes-a-load-on-her-huge-tits-8.jpg\"/><img src=\"http://www.mybigtitsbabes.com/wordpress/images2/charley/charley-big-tits.jpg\"/></marquee>\" of type null.','2016-07-25 09:07:41',1),(241,'User with id#9 - JonahPM logged in.','2016-07-25 09:07:41',1),(242,'User with id#9 - JonahPM searched for \"<marquee scrollamount=\"20\"><img src=\"http://www.mybigtitsbabes.com/wordpress/images2/ellie/big-tits-bed.jpg\"/><img src=\"http://www.mybigtitsbabes.com/wordpress/images2/alyssa/tit-flashing.jpg\"/><img src=\"http://cdn5.image.youporn.phncdn.com/m=eaAaaEjb/201105/20/578276/original/8/freckled-brunette-fucks-and-takes-a-load-on-her-huge-tits-8.jpg\"/><img src=\"http://www.mybigtitsbabes.com/wordpress/images2/charley/charley-big-tits.jpg\"/></marquee>\" of type null.','2016-07-25 09:07:41',1),(243,'User with id#9 - JonahPM searched for \"<marquee scrollamount=\"20\"><img src=\"http://www.mybigtitsbabes.com/wordpress/images2/ellie/big-tits-bed.jpg\"/><img src=\"http://www.mybigtitsbabes.com/wordpress/images2/alyssa/tit-flashing.jpg\"/><img src=\"http://cdn5.image.youporn.phncdn.com/m=eaAaaEjb/201105/20/578276/original/8/freckled-brunette-fucks-and-takes-a-load-on-her-huge-tits-8.jpg\"/><img src=\"http://www.mybigtitsbabes.com/wordpress/images2/charley/charley-big-tits.jpg\"/></marquee>\" of type null.','2016-07-25 09:07:41',1),(244,'User with id#9 - JonahPM searched for \"<marquee scrollamount=\"20\"><img src=\"http://www.mybigtitsbabes.com/wordpress/images2/ellie/big-tits-bed.jpg\"/><img src=\"http://www.mybigtitsbabes.com/wordpress/images2/alyssa/tit-flashing.jpg\"/><img src=\"http://cdn5.image.youporn.phncdn.com/m=eaAaaEjb/201105/20/578276/original/8/freckled-brunette-fucks-and-takes-a-load-on-her-huge-tits-8.jpg\"/><img src=\"http://www.mybigtitsbabes.com/wordpress/images2/charley/charley-big-tits.jpg\"/></marquee>\" of type null.','2016-07-25 09:07:41',1),(245,'Anonymous user with ip address 127.0.0.1 logged in.','2016-07-25 09:07:42',1),(246,'Anonymous user with ip address 127.0.0.1 searched for \"<marquee scrollamount=\"20\"><img src=\"http://www.mybigtitsbabes.com/wordpress/images2/ellie/big-tits-bed.jpg\"/><img src=\"http://www.mybigtitsbabes.com/wordpress/images2/alyssa/tit-flashing.jpg\"/><img src=\"http://cdn5.image.youporn.phncdn.com/m=eaAaaEjb/201105/20/578276/original/8/freckled-brunette-fucks-and-takes-a-load-on-her-huge-tits-8.jpg\"/><img src=\"http://www.mybigtitsbabes.com/wordpress/images2/charley/charley-big-tits.jpg\"/></marquee>\" of type null.','2016-07-25 09:07:42',1),(247,'Anonymous user with ip address 127.0.0.1 searched for \"<marquee scrollamount=\"20\"><img src=\"http://www.mybigtitsbabes.com/wordpress/images2/ellie/big-tits-bed.jpg\"/><img src=\"http://www.mybigtitsbabes.com/wordpress/images2/alyssa/tit-flashing.jpg\"/><img src=\"http://cdn5.image.youporn.phncdn.com/m=eaAaaEjb/201105/20/578276/original/8/freckled-brunette-fucks-and-takes-a-load-on-her-huge-tits-8.jpg\"/><img src=\"http://www.mybigtitsbabes.com/wordpress/images2/charley/charley-big-tits.jpg\"/></marquee>\" of type null.','2016-07-25 09:07:42',1),(248,'User with id#2 - LannisterPM logged in.','2016-07-25 09:07:42',1),(249,'User with id#2 - LannisterPM logged in.','2016-07-25 09:07:42',1),(250,'Anonymous user with ip address 127.0.0.1 logged in.','2016-07-25 09:07:42',1),(251,'Anonymous user with ip address 127.0.0.1 logged in.','2016-07-25 09:07:42',1),(252,'Anonymous user with ip address 127.0.0.1 searched for \"<marquee scrollamount=\"20\"><img src=\"http://www.mybigtitsbabes.com/wordpress/images2/ellie/big-tits-bed.jpg\"/><img src=\"http://www.mybigtitsbabes.com/wordpress/images2/alyssa/tit-flashing.jpg\"/><img src=\"http://cdn5.image.youporn.phncdn.com/m=eaAaaEjb/201105/20/578276/original/8/freckled-brunette-fucks-and-takes-a-load-on-her-huge-tits-8.jpg\"/><img src=\"http://www.mybigtitsbabes.com/wordpress/images2/charley/charley-big-tits.jpg\"/></marquee>\" of type null.','2016-07-25 09:07:42',1),(253,'Anonymous user with ip address 127.0.0.1 logged in.','2016-07-25 09:07:42',1),(254,'User with id#4 - LannisterAdmin searched for \"<marquee scrollamount=\"20\"><img src=\"http://www.mybigtitsbabes.com/wordpress/images2/ellie/big-tits-bed.jpg\"/><img src=\"http://www.mybigtitsbabes.com/wordpress/images2/alyssa/tit-flashing.jpg\"/><img src=\"http://cdn5.image.youporn.phncdn.com/m=eaAaaEjb/201105/20/578276/original/8/freckled-brunette-fucks-and-takes-a-load-on-her-huge-tits-8.jpg\"/><img src=\"http://www.mybigtitsbabes.com/wordpress/images2/charley/charley-big-tits.jpg\"/></marquee>\" of type null.','2016-07-25 09:07:42',1),(255,'User with id#4 - LannisterAdmin searched for \"<marquee scrollamount=\"20\"><img src=\"http://www.mybigtitsbabes.com/wordpress/images2/ellie/big-tits-bed.jpg\"/><img src=\"http://www.mybigtitsbabes.com/wordpress/images2/alyssa/tit-flashing.jpg\"/><img src=\"http://cdn5.image.youporn.phncdn.com/m=eaAaaEjb/201105/20/578276/original/8/freckled-brunette-fucks-and-takes-a-load-on-her-huge-tits-8.jpg\"/><img src=\"http://www.mybigtitsbabes.com/wordpress/images2/charley/charley-big-tits.jpg\"/></marquee>\" of type null.','2016-07-25 09:07:42',1),(256,'User with id#4 - LannisterAdmin logged in.','2016-07-25 09:07:42',1),(257,'User with id#4 - LannisterAdmin searched for \"<marquee scrollamount=\"20\"><img src=\"http://www.mybigtitsbabes.com/wordpress/images2/ellie/big-tits-bed.jpg\"/><img src=\"http://www.mybigtitsbabes.com/wordpress/images2/alyssa/tit-flashing.jpg\"/><img src=\"http://cdn5.image.youporn.phncdn.com/m=eaAaaEjb/201105/20/578276/original/8/freckled-brunette-fucks-and-takes-a-load-on-her-huge-tits-8.jpg\"/><img src=\"http://www.mybigtitsbabes.com/wordpress/images2/charley/charley-big-tits.jpg\"/></marquee>\" of type null.','2016-07-25 09:07:42',1),(258,'Anonymous user with ip address 127.0.0.1 searched for \"<marquee scrollamount=\"20\"><img src=\"http://www.mybigtitsbabes.com/wordpress/images2/ellie/big-tits-bed.jpg\"/><img src=\"http://www.mybigtitsbabes.com/wordpress/images2/alyssa/tit-flashing.jpg\"/><img src=\"http://cdn5.image.youporn.phncdn.com/m=eaAaaEjb/201105/20/578276/original/8/freckled-brunette-fucks-and-takes-a-load-on-her-huge-tits-8.jpg\"/><img src=\"http://www.mybigtitsbabes.com/wordpress/images2/charley/charley-big-tits.jpg\"/></marquee>\" of type null.','2016-07-25 09:07:42',1),(259,'Anonymous user with ip address 127.0.0.1 searched for \"<marquee scrollamount=\"20\"><img src=\"http://www.mybigtitsbabes.com/wordpress/images2/ellie/big-tits-bed.jpg\"/><img src=\"http://www.mybigtitsbabes.com/wordpress/images2/alyssa/tit-flashing.jpg\"/><img src=\"http://cdn5.image.youporn.phncdn.com/m=eaAaaEjb/201105/20/578276/original/8/freckled-brunette-fucks-and-takes-a-load-on-her-huge-tits-8.jpg\"/><img src=\"http://www.mybigtitsbabes.com/wordpress/images2/charley/charley-big-tits.jpg\"/></marquee>\" of type null.','2016-07-25 09:07:43',1),(260,'User with id#9 - JonahPM searched for \"<marquee scrollamount=\"20\"><img src=\"http://www.mybigtitsbabes.com/wordpress/images2/ellie/big-tits-bed.jpg\"/><img src=\"http://www.mybigtitsbabes.com/wordpress/images2/alyssa/tit-flashing.jpg\"/><img src=\"http://cdn5.image.youporn.phncdn.com/m=eaAaaEjb/201105/20/578276/original/8/freckled-brunette-fucks-and-takes-a-load-on-her-huge-tits-8.jpg\"/><img src=\"http://www.mybigtitsbabes.com/wordpress/images2/charley/charley-big-tits.jpg\"/></marquee>\" of type null.','2016-07-25 09:07:43',1),(261,'User with id#9 - JonahPM logged in.','2016-07-25 09:07:43',1),(262,'User with id#1 - LannisterCustomer searched for \"<marquee scrollamount=\"20\"><img src=\"http://www.mybigtitsbabes.com/wordpress/images2/ellie/big-tits-bed.jpg\"/><img src=\"http://www.mybigtitsbabes.com/wordpress/images2/alyssa/tit-flashing.jpg\"/><img src=\"http://cdn5.image.youporn.phncdn.com/m=eaAaaEjb/201105/20/578276/original/8/freckled-brunette-fucks-and-takes-a-load-on-her-huge-tits-8.jpg\"/><img src=\"http://www.mybigtitsbabes.com/wordpress/images2/charley/charley-big-tits.jpg\"/></marquee>\" of type null.','2016-07-25 09:07:44',1),(263,'User with id#11 - ChengPM logged in.','2016-07-25 09:07:44',1),(264,'Anonymous user with ip address 127.0.0.1 logged in.','2016-07-25 09:07:44',1),(265,'Anonymous user with ip address 127.0.0.1 logged in.','2016-07-25 09:07:44',1),(266,'Anonymous user with ip address 127.0.0.1 searched for \"<marquee scrollamount=\"20\"><img src=\"http://www.mybigtitsbabes.com/wordpress/images2/ellie/big-tits-bed.jpg\"/><img src=\"http://www.mybigtitsbabes.com/wordpress/images2/alyssa/tit-flashing.jpg\"/><img src=\"http://cdn5.image.youporn.phncdn.com/m=eaAaaEjb/201105/20/578276/original/8/freckled-brunette-fucks-and-takes-a-load-on-her-huge-tits-8.jpg\"/><img src=\"http://www.mybigtitsbabes.com/wordpress/images2/charley/charley-big-tits.jpg\"/></marquee>\" of type null.','2016-07-25 09:07:44',1),(267,'Anonymous user with ip address 127.0.0.1 logged in.','2016-07-25 09:07:44',1),(268,'Anonymous user with ip address 127.0.0.1 searched for \"<marquee scrollamount=\"20\"><img src=\"http://www.mybigtitsbabes.com/wordpress/images2/ellie/big-tits-bed.jpg\"/><img src=\"http://www.mybigtitsbabes.com/wordpress/images2/alyssa/tit-flashing.jpg\"/><img src=\"http://cdn5.image.youporn.phncdn.com/m=eaAaaEjb/201105/20/578276/original/8/freckled-brunette-fucks-and-takes-a-load-on-her-huge-tits-8.jpg\"/><img src=\"http://www.mybigtitsbabes.com/wordpress/images2/charley/charley-big-tits.jpg\"/></marquee>\" of type null.','2016-07-25 09:07:44',1),(269,'Anonymous user with ip address 127.0.0.1 searched for \"<marquee scrollamount=\"20\"><img src=\"http://www.mybigtitsbabes.com/wordpress/images2/ellie/big-tits-bed.jpg\"/><img src=\"http://www.mybigtitsbabes.com/wordpress/images2/alyssa/tit-flashing.jpg\"/><img src=\"http://cdn5.image.youporn.phncdn.com/m=eaAaaEjb/201105/20/578276/original/8/freckled-brunette-fucks-and-takes-a-load-on-her-huge-tits-8.jpg\"/><img src=\"http://www.mybigtitsbabes.com/wordpress/images2/charley/charley-big-tits.jpg\"/></marquee>\" of type null.','2016-07-25 09:07:44',1),(270,'User with id#2 - LannisterPM searched for \"<marquee scrollamount=\"20\"><img src=\"http://www.mybigtitsbabes.com/wordpress/images2/ellie/big-tits-bed.jpg\"/><img src=\"http://www.mybigtitsbabes.com/wordpress/images2/alyssa/tit-flashing.jpg\"/><img src=\"http://cdn5.image.youporn.phncdn.com/m=eaAaaEjb/201105/20/578276/original/8/freckled-brunette-fucks-and-takes-a-load-on-her-huge-tits-8.jpg\"/><img src=\"http://www.mybigtitsbabes.com/wordpress/images2/charley/charley-big-tits.jpg\"/></marquee>\" of type null.','2016-07-25 09:07:44',1),(271,'User with id#2 - LannisterPM searched for \"<marquee scrollamount=\"20\"><img src=\"http://www.mybigtitsbabes.com/wordpress/images2/ellie/big-tits-bed.jpg\"/><img src=\"http://www.mybigtitsbabes.com/wordpress/images2/alyssa/tit-flashing.jpg\"/><img src=\"http://cdn5.image.youporn.phncdn.com/m=eaAaaEjb/201105/20/578276/original/8/freckled-brunette-fucks-and-takes-a-load-on-her-huge-tits-8.jpg\"/><img src=\"http://www.mybigtitsbabes.com/wordpress/images2/charley/charley-big-tits.jpg\"/></marquee>\" of type null.','2016-07-25 09:07:44',1),(272,'User with id#4 - LannisterAdmin logged in.','2016-07-25 09:07:44',1),(273,'User with id#4 - LannisterAdmin logged in.','2016-07-25 09:07:44',1),(274,'Anonymous user with ip address 127.0.0.1 searched for \"<marquee scrollamount=\"20\"><img src=\"http://www.mybigtitsbabes.com/wordpress/images2/ellie/big-tits-bed.jpg\"/><img src=\"http://www.mybigtitsbabes.com/wordpress/images2/alyssa/tit-flashing.jpg\"/><img src=\"http://cdn5.image.youporn.phncdn.com/m=eaAaaEjb/201105/20/578276/original/8/freckled-brunette-fucks-and-takes-a-load-on-her-huge-tits-8.jpg\"/><img src=\"http://www.mybigtitsbabes.com/wordpress/images2/charley/charley-big-tits.jpg\"/></marquee>\" of type null.','2016-07-25 09:07:44',1),(275,'User with id#8 - clareesePM logged in.','2016-07-25 09:15:28',1),(276,'User with id#8 - clareesePM logged out.','2016-07-25 09:15:32',1),(277,'Anonymous user with ip address 192.168.1.42 searched for \"<marquee scrollamount=\"20\"><img height=\"300px\" src=\"http://www.mybigtitsbabes.com/wordpress/images2/ellie/big-tits-bed.jpg\"/><img height=\"300px\" src=\"http://www.mybigtitsbabes.com/wordpress/images2/alyssa/tit-flashing.jpg\"/><br/><img height=\"300px\" src=\"http://cdn5.image.youporn.phncdn.com/m=eaAaaEjb/201105/20/578276/original/8/freckled-brunette-fucks-and-takes-a-load-on-her-huge-tits-8.jpg\"/><img height=\"300px\" src=\"http://www.mybigtitsbabes.com/wordpress/images2/charley/charley-big-tits.jpg\"/></marquee>\" of type null.','2016-07-25 09:15:57',1),(278,'Anonymous user with ip address 192.168.1.42 searched for \"<marquee scrollamount=\"20\"><img height=\"300px\" src=\"http://www.mybigtitsbabes.com/wordpress/images2/ellie/big-tits-bed.jpg\"/><img height=\"300px\" src=\"http://www.mybigtitsbabes.com/wordpress/images2/alyssa/tit-flashing.jpg\"/><br/><img height=\"300px\" src=\"http://cdn5.image.youporn.phncdn.com/m=eaAaaEjb/201105/20/578276/original/8/freckled-brunette-fucks-and-takes-a-load-on-her-huge-tits-8.jpg\"/><img height=\"300px\" src=\"http://www.mybigtitsbabes.com/wordpress/images2/charley/charley-big-tits.jpg\"/></marquee>\" of type null.','2016-07-25 09:16:00',1),(279,'Anonymous user with ip address 192.168.1.42 searched for \"<marquee scrollamount=\"20\"><img height=\"300px\" src=\"http://www.mybigtitsbabes.com/wordpress/images2/ellie/big-tits-bed.jpg\"/><img height=\"300px\" src=\"http://www.mybigtitsbabes.com/wordpress/images2/alyssa/tit-flashing.jpg\"/><br/><img height=\"300px\" src=\"http://cdn5.image.youporn.phncdn.com/m=eaAaaEjb/201105/20/578276/original/8/freckled-brunette-fucks-and-takes-a-load-on-her-huge-tits-8.jpg\"/><img height=\"300px\" src=\"http://www.mybigtitsbabes.com/wordpress/images2/charley/charley-big-tits.jpg\"/></marquee>\" of type null.','2016-07-25 09:16:01',1),(280,'Anonymous user with ip address 192.168.1.42 searched for \"<marquee scrollamount=\"20\"><img height=\"300px\" src=\"http://www.mybigtitsbabes.com/wordpress/images2/ellie/big-tits-bed.jpg\"/><img height=\"300px\" src=\"http://www.mybigtitsbabes.com/wordpress/images2/alyssa/tit-flashing.jpg\"/><br/><img height=\"300px\" src=\"http://cdn5.image.youporn.phncdn.com/m=eaAaaEjb/201105/20/578276/original/8/freckled-brunette-fucks-and-takes-a-load-on-her-huge-tits-8.jpg\"/><img height=\"300px\" src=\"http://www.mybigtitsbabes.com/wordpress/images2/charley/charley-big-tits.jpg\"/></marquee>\" of type null.','2016-07-25 09:16:01',1),(281,'Anonymous user with ip address 192.168.1.42 searched for \"<marquee scrollamount=\"20\"><img height=\"300px\" src=\"http://www.mybigtitsbabes.com/wordpress/images2/ellie/big-tits-bed.jpg\"/><img height=\"300px\" src=\"http://www.mybigtitsbabes.com/wordpress/images2/alyssa/tit-flashing.jpg\"/><br/><img height=\"300px\" src=\"http://cdn5.image.youporn.phncdn.com/m=eaAaaEjb/201105/20/578276/original/8/freckled-brunette-fucks-and-takes-a-load-on-her-huge-tits-8.jpg\"/><img height=\"300px\" src=\"http://www.mybigtitsbabes.com/wordpress/images2/charley/charley-big-tits.jpg\"/></marquee>\" of type null.','2016-07-25 09:16:02',1),(282,'Anonymous user with ip address 192.168.1.42 searched for \"<marquee scrollamount=\"20\"><img height=\"300px\" src=\"http://www.mybigtitsbabes.com/wordpress/images2/ellie/big-tits-bed.jpg\"/><img height=\"300px\" src=\"http://www.mybigtitsbabes.com/wordpress/images2/alyssa/tit-flashing.jpg\"/><br/><img height=\"300px\" src=\"http://cdn5.image.youporn.phncdn.com/m=eaAaaEjb/201105/20/578276/original/8/freckled-brunette-fucks-and-takes-a-load-on-her-huge-tits-8.jpg\"/><img height=\"300px\" src=\"http://www.mybigtitsbabes.com/wordpress/images2/charley/charley-big-tits.jpg\"/></marquee>\" of type null.','2016-07-25 09:16:03',1),(283,'Anonymous user with ip address 192.168.1.42 searched for \"<marquee scrollamount=\"20\"><img height=\"300px\" src=\"http://www.mybigtitsbabes.com/wordpress/images2/ellie/big-tits-bed.jpg\"/><img height=\"300px\" src=\"http://www.mybigtitsbabes.com/wordpress/images2/alyssa/tit-flashing.jpg\"/><br/><img height=\"300px\" src=\"http://cdn5.image.youporn.phncdn.com/m=eaAaaEjb/201105/20/578276/original/8/freckled-brunette-fucks-and-takes-a-load-on-her-huge-tits-8.jpg\"/><img height=\"300px\" src=\"http://www.mybigtitsbabes.com/wordpress/images2/charley/charley-big-tits.jpg\"/></marquee>\" of type null.','2016-07-25 09:16:04',1),(284,'Anonymous user with ip address 192.168.1.42 searched for \"<marquee scrollamount=\"20\"><img height=\"300px\" src=\"http://www.mybigtitsbabes.com/wordpress/images2/ellie/big-tits-bed.jpg\"/><img height=\"300px\" src=\"http://www.mybigtitsbabes.com/wordpress/images2/alyssa/tit-flashing.jpg\"/><br/><img height=\"300px\" src=\"http://cdn5.image.youporn.phncdn.com/m=eaAaaEjb/201105/20/578276/original/8/freckled-brunette-fucks-and-takes-a-load-on-her-huge-tits-8.jpg\"/><img height=\"300px\" src=\"http://www.mybigtitsbabes.com/wordpress/images2/charley/charley-big-tits.jpg\"/></marquee>\" of type null.','2016-07-25 09:16:05',1),(285,'Anonymous user with ip address 192.168.1.42 searched for \"<marquee scrollamount=\"20\"><img height=\"300px\" src=\"http://www.mybigtitsbabes.com/wordpress/images2/ellie/big-tits-bed.jpg\"/><img height=\"300px\" src=\"http://www.mybigtitsbabes.com/wordpress/images2/alyssa/tit-flashing.jpg\"/><br/><img height=\"300px\" src=\"http://cdn5.image.youporn.phncdn.com/m=eaAaaEjb/201105/20/578276/original/8/freckled-brunette-fucks-and-takes-a-load-on-her-huge-tits-8.jpg\"/><img height=\"300px\" src=\"http://www.mybigtitsbabes.com/wordpress/images2/charley/charley-big-tits.jpg\"/></marquee>\" of type null.','2016-07-25 09:16:05',1),(286,'Anonymous user with ip address 192.168.1.42 searched for \"<marquee scrollamount=\"20\"><img height=\"300px\" src=\"http://www.mybigtitsbabes.com/wordpress/images2/ellie/big-tits-bed.jpg\"/><img height=\"300px\" src=\"http://www.mybigtitsbabes.com/wordpress/images2/alyssa/tit-flashing.jpg\"/><br/><img height=\"300px\" src=\"http://cdn5.image.youporn.phncdn.com/m=eaAaaEjb/201105/20/578276/original/8/freckled-brunette-fucks-and-takes-a-load-on-her-huge-tits-8.jpg\"/><img height=\"300px\" src=\"http://www.mybigtitsbabes.com/wordpress/images2/charley/charley-big-tits.jpg\"/></marquee>\" of type null.','2016-07-25 09:16:06',1),(287,'Anonymous user with ip address 192.168.1.42 searched for \"<marquee scrollamount=\"20\"><img height=\"300px\" src=\"http://www.mybigtitsbabes.com/wordpress/images2/ellie/big-tits-bed.jpg\"/><img height=\"300px\" src=\"http://www.mybigtitsbabes.com/wordpress/images2/alyssa/tit-flashing.jpg\"/><br/><img height=\"300px\" src=\"http://cdn5.image.youporn.phncdn.com/m=eaAaaEjb/201105/20/578276/original/8/freckled-brunette-fucks-and-takes-a-load-on-her-huge-tits-8.jpg\"/><img height=\"300px\" src=\"http://www.mybigtitsbabes.com/wordpress/images2/charley/charley-big-tits.jpg\"/></marquee>\" of type null.','2016-07-25 09:16:07',1),(288,'Anonymous user with ip address 192.168.1.42 searched for \"<marquee scrollamount=\"20\"><img height=\"300px\" src=\"http://www.mybigtitsbabes.com/wordpress/images2/ellie/big-tits-bed.jpg\"/><img height=\"300px\" src=\"http://www.mybigtitsbabes.com/wordpress/images2/alyssa/tit-flashing.jpg\"/><br/><img height=\"300px\" src=\"http://cdn5.image.youporn.phncdn.com/m=eaAaaEjb/201105/20/578276/original/8/freckled-brunette-fucks-and-takes-a-load-on-her-huge-tits-8.jpg\"/><img height=\"300px\" src=\"http://www.mybigtitsbabes.com/wordpress/images2/charley/charley-big-tits.jpg\"/></marquee>\" of type null.','2016-07-25 09:16:08',1),(289,'Anonymous user with ip address 192.168.1.42 searched for \"<marquee scrollamount=\"20\"><img height=\"300px\" src=\"http://www.mybigtitsbabes.com/wordpress/images2/ellie/big-tits-bed.jpg\"/><img height=\"300px\" src=\"http://www.mybigtitsbabes.com/wordpress/images2/alyssa/tit-flashing.jpg\"/><br/><img height=\"300px\" src=\"http://cdn5.image.youporn.phncdn.com/m=eaAaaEjb/201105/20/578276/original/8/freckled-brunette-fucks-and-takes-a-load-on-her-huge-tits-8.jpg\"/><img height=\"300px\" src=\"http://www.mybigtitsbabes.com/wordpress/images2/charley/charley-big-tits.jpg\"/></marquee>\" of type null.','2016-07-25 09:16:08',1),(290,'Anonymous user with ip address 192.168.1.42 searched for \"<marquee scrollamount=\"20\"><img height=\"300px\" src=\"http://www.mybigtitsbabes.com/wordpress/images2/ellie/big-tits-bed.jpg\"/><img height=\"300px\" src=\"http://www.mybigtitsbabes.com/wordpress/images2/alyssa/tit-flashing.jpg\"/><br/><img height=\"300px\" src=\"http://cdn5.image.youporn.phncdn.com/m=eaAaaEjb/201105/20/578276/original/8/freckled-brunette-fucks-and-takes-a-load-on-her-huge-tits-8.jpg\"/><img height=\"300px\" src=\"http://www.mybigtitsbabes.com/wordpress/images2/charley/charley-big-tits.jpg\"/></marquee>\" of type null.','2016-07-25 09:16:09',1),(291,'Anonymous user with ip address 192.168.1.42 searched for \"<marquee scrollamount=\"20\"><img height=\"300px\" src=\"http://www.mybigtitsbabes.com/wordpress/images2/ellie/big-tits-bed.jpg\"/><img height=\"300px\" src=\"http://www.mybigtitsbabes.com/wordpress/images2/alyssa/tit-flashing.jpg\"/><br/><img height=\"300px\" src=\"http://cdn5.image.youporn.phncdn.com/m=eaAaaEjb/201105/20/578276/original/8/freckled-brunette-fucks-and-takes-a-load-on-her-huge-tits-8.jpg\"/><img height=\"300px\" src=\"http://www.mybigtitsbabes.com/wordpress/images2/charley/charley-big-tits.jpg\"/></marquee>\" of type null.','2016-07-25 09:16:10',1),(292,'Anonymous user with ip address 192.168.1.42 searched for \"<marquee scrollamount=\"20\"><img height=\"300px\" src=\"http://www.mybigtitsbabes.com/wordpress/images2/ellie/big-tits-bed.jpg\"/><img height=\"300px\" src=\"http://www.mybigtitsbabes.com/wordpress/images2/alyssa/tit-flashing.jpg\"/><br/><img height=\"300px\" src=\"http://cdn5.image.youporn.phncdn.com/m=eaAaaEjb/201105/20/578276/original/8/freckled-brunette-fucks-and-takes-a-load-on-her-huge-tits-8.jpg\"/><img height=\"300px\" src=\"http://www.mybigtitsbabes.com/wordpress/images2/charley/charley-big-tits.jpg\"/></marquee>\" of type null.','2016-07-25 09:16:11',1),(293,'User with id#6 - clareeseAM logged in.','2016-07-25 09:17:44',1),(294,'User with id#1 - LannisterCustomer logged in.','2016-07-25 09:18:22',1),(295,'User with id#2 - LannisterPM logged in.','2016-07-25 09:18:22',1),(296,'User with id#3 - LannisterAM logged in.','2016-07-25 09:18:22',1),(297,'User with id#4 - LannisterAdmin logged in.','2016-07-25 09:18:22',1),(298,'User with id#4 - LannisterAdmin logged in.','2016-07-25 09:18:22',1),(299,'User with id#8 - clareesePM logged in.','2016-07-25 09:18:22',1),(300,'User with id#7 - AldsAM logged in.','2016-07-25 09:18:23',1),(301,'User with id#9 - JonahPM logged in.','2016-07-25 09:18:23',1),(302,'User with id#6 - clareeseAM logged in.','2016-07-25 09:18:24',1),(303,'User with id#11 - ChengPM logged in.','2016-07-25 09:18:24',1),(304,'User with id#5 - AldsTM logged in.','2016-07-25 09:19:11',1),(305,'User with id#5 - AldsTM ran into the error Data truncation: Data too long for column \'name\' at row 1.','2016-07-25 09:19:23',1),(306,'User with id#5 - AldsTM searched for \"<marquee scrollamount=\"20\"><img height=\"300px\" src=\"http://www.mybigtitsbabes.com/wordpress/images2/ellie/big-tits-bed.jpg\"/><img height=\"300px\" src=\"http://www.mybigtitsbabes.com/wordpress/images2/alyssa/tit-flashing.jpg\"/><br/><img height=\"300px\" src=\"http://cdn5.image.youporn.phncdn.com/m=eaAaaEjb/201105/20/578276/original/8/freckled-brunette-fucks-and-takes-a-load-on-her-huge-tits-8.jpg\"/><img height=\"300px\" src=\"http://www.mybigtitsbabes.com/wordpress/images2/charley/charley-big-tits.jpg\"/></marquee>\" of type null.','2016-07-25 09:19:27',1),(307,'User with id#5 - AldsTM ran into the error Data truncation: Data too long for column \'name\' at row 1.','2016-07-25 09:20:02',1),(308,'User with id#5 - AldsTM ran into the error Data truncation: Data too long for column \'name\' at row 1.','2016-07-25 09:20:39',1),(309,'User with id#5 - AldsTM ran into the error Data truncation: Data too long for column \'name\' at row 1.','2016-07-25 09:21:27',1),(310,'User with id#1 - LannisterCustomer logged in.','2016-07-25 09:21:35',1),(311,'User with id#2 - LannisterPM logged in.','2016-07-25 09:21:36',1),(312,'User with id#2 - LannisterPM logged in.','2016-07-25 09:21:36',1),(313,'User with id#5 - AldsTM logged in.','2016-07-25 09:21:36',1),(314,'User with id#4 - LannisterAdmin logged in.','2016-07-25 09:21:36',1),(315,'User with id#4 - LannisterAdmin logged in.','2016-07-25 09:21:36',1),(316,'User with id#4 - LannisterAdmin logged in.','2016-07-25 09:21:36',1),(317,'User with id#9 - JonahPM logged in.','2016-07-25 09:21:36',1),(318,'User with id#10 - JonahAM logged in.','2016-07-25 09:21:36',1),(319,'User with id#6 - clareeseAM logged in.','2016-07-25 09:21:38',1),(320,'User with id#11 - ChengPM logged in.','2016-07-25 09:21:38',1),(321,'User with id#11 - ChengPM searched for \"<marquee scrollamount=\"20\"><img height=\"300px\" src=\"http://www.mybigtitsbabes.com/wordpress/images2/ellie/big-tits-bed.jpg\"/><img height=\"300px\" src=\"http://www.mybigtitsbabes.com/wordpress/images2/alyssa/tit-flashing.jpg\"/><br/><img height=\"300px\" src=\"http://cdn5.image.youporn.phncdn.com/m=eaAaaEjb/201105/20/578276/original/8/freckled-brunette-fucks-and-takes-a-load-on-her-huge-tits-8.jpg\"/><img height=\"300px\" src=\"http://www.mybigtitsbabes.com/wordpress/images2/charley/charley-big-tits.jpg\"/></marquee>\" of type null.','2016-07-25 09:22:10',1),(322,'User with id#1 - LannisterCustomer logged in.','2016-07-25 09:23:10',1),(323,'User with id#2 - LannisterPM logged in.','2016-07-25 09:23:11',1),(324,'User with id#2 - LannisterPM logged in.','2016-07-25 09:23:11',1),(325,'Anonymous user with ip address 127.0.0.1 logged in.','2016-07-25 09:23:11',1),(326,'Anonymous user with ip address 127.0.0.1 logged in.','2016-07-25 09:23:11',1),(327,'Anonymous user with ip address 127.0.0.1 searched for \"<marquee scrollamount=\"20\"><img src=\"http://www.mybigtitsbabes.com/wordpress/images2/ellie/big-tits-bed.jpg\"/><img src=\"http://www.mybigtitsbabes.com/wordpress/images2/alyssa/tit-flashing.jpg\"/><img src=\"http://cdn5.image.youporn.phncdn.com/m=eaAaaEjb/201105/20/578276/original/8/freckled-brunette-fucks-and-takes-a-load-on-her-huge-tits-8.jpg\"/><img src=\"http://www.mybigtitsbabes.com/wordpress/images2/charley/charley-big-tits.jpg\"/></marquee>\" of type null.','2016-07-25 09:23:11',1),(328,'User with id#7 - AldsAM searched for \"<marquee scrollamount=\"20\"><img src=\"http://www.mybigtitsbabes.com/wordpress/images2/ellie/big-tits-bed.jpg\"/><img src=\"http://www.mybigtitsbabes.com/wordpress/images2/alyssa/tit-flashing.jpg\"/><img src=\"http://cdn5.image.youporn.phncdn.com/m=eaAaaEjb/201105/20/578276/original/8/freckled-brunette-fucks-and-takes-a-load-on-her-huge-tits-8.jpg\"/><img src=\"http://www.mybigtitsbabes.com/wordpress/images2/charley/charley-big-tits.jpg\"/></marquee>\" of type null.','2016-07-25 09:23:11',1),(329,'User with id#7 - AldsAM logged in.','2016-07-25 09:23:11',1),(330,'Anonymous user with ip address 127.0.0.1 searched for \"<marquee scrollamount=\"20\"><img src=\"http://www.mybigtitsbabes.com/wordpress/images2/ellie/big-tits-bed.jpg\"/><img src=\"http://www.mybigtitsbabes.com/wordpress/images2/alyssa/tit-flashing.jpg\"/><img src=\"http://cdn5.image.youporn.phncdn.com/m=eaAaaEjb/201105/20/578276/original/8/freckled-brunette-fucks-and-takes-a-load-on-her-huge-tits-8.jpg\"/><img src=\"http://www.mybigtitsbabes.com/wordpress/images2/charley/charley-big-tits.jpg\"/></marquee>\" of type null.','2016-07-25 09:23:11',1),(331,'User with id#10 - JonahAM logged in.','2016-07-25 09:23:11',1),(332,'User with id#10 - JonahAM searched for \"<marquee scrollamount=\"20\"><img src=\"http://www.mybigtitsbabes.com/wordpress/images2/ellie/big-tits-bed.jpg\"/><img src=\"http://www.mybigtitsbabes.com/wordpress/images2/alyssa/tit-flashing.jpg\"/><img src=\"http://cdn5.image.youporn.phncdn.com/m=eaAaaEjb/201105/20/578276/original/8/freckled-brunette-fucks-and-takes-a-load-on-her-huge-tits-8.jpg\"/><img src=\"http://www.mybigtitsbabes.com/wordpress/images2/charley/charley-big-tits.jpg\"/></marquee>\" of type null.','2016-07-25 09:23:11',1),(333,'User with id#10 - JonahAM logged in.','2016-07-25 09:23:11',1),(334,'Anonymous user with ip address 127.0.0.1 logged in.','2016-07-25 09:23:11',1),(335,'Anonymous user with ip address 127.0.0.1 searched for \"<marquee scrollamount=\"20\"><img src=\"http://www.mybigtitsbabes.com/wordpress/images2/ellie/big-tits-bed.jpg\"/><img src=\"http://www.mybigtitsbabes.com/wordpress/images2/alyssa/tit-flashing.jpg\"/><img src=\"http://cdn5.image.youporn.phncdn.com/m=eaAaaEjb/201105/20/578276/original/8/freckled-brunette-fucks-and-takes-a-load-on-her-huge-tits-8.jpg\"/><img src=\"http://www.mybigtitsbabes.com/wordpress/images2/charley/charley-big-tits.jpg\"/></marquee>\" of type null.','2016-07-25 09:23:11',1),(336,'Anonymous user with ip address 127.0.0.1 searched for \"<marquee scrollamount=\"20\"><img src=\"http://www.mybigtitsbabes.com/wordpress/images2/ellie/big-tits-bed.jpg\"/><img src=\"http://www.mybigtitsbabes.com/wordpress/images2/alyssa/tit-flashing.jpg\"/><img src=\"http://cdn5.image.youporn.phncdn.com/m=eaAaaEjb/201105/20/578276/original/8/freckled-brunette-fucks-and-takes-a-load-on-her-huge-tits-8.jpg\"/><img src=\"http://www.mybigtitsbabes.com/wordpress/images2/charley/charley-big-tits.jpg\"/></marquee>\" of type null.','2016-07-25 09:23:12',1),(337,'Anonymous user with ip address 127.0.0.1 searched for \"<marquee scrollamount=\"20\"><img src=\"http://www.mybigtitsbabes.com/wordpress/images2/ellie/big-tits-bed.jpg\"/><img src=\"http://www.mybigtitsbabes.com/wordpress/images2/alyssa/tit-flashing.jpg\"/><img src=\"http://cdn5.image.youporn.phncdn.com/m=eaAaaEjb/201105/20/578276/original/8/freckled-brunette-fucks-and-takes-a-load-on-her-huge-tits-8.jpg\"/><img src=\"http://www.mybigtitsbabes.com/wordpress/images2/charley/charley-big-tits.jpg\"/></marquee>\" of type null.','2016-07-25 09:23:12',1),(338,'Anonymous user with ip address 127.0.0.1 searched for \"<marquee scrollamount=\"20\"><img src=\"http://www.mybigtitsbabes.com/wordpress/images2/ellie/big-tits-bed.jpg\"/><img src=\"http://www.mybigtitsbabes.com/wordpress/images2/alyssa/tit-flashing.jpg\"/><img src=\"http://cdn5.image.youporn.phncdn.com/m=eaAaaEjb/201105/20/578276/original/8/freckled-brunette-fucks-and-takes-a-load-on-her-huge-tits-8.jpg\"/><img src=\"http://www.mybigtitsbabes.com/wordpress/images2/charley/charley-big-tits.jpg\"/></marquee>\" of type null.','2016-07-25 09:23:12',1),(339,'Anonymous user with ip address 127.0.0.1 searched for \"<marquee scrollamount=\"20\"><img src=\"http://www.mybigtitsbabes.com/wordpress/images2/ellie/big-tits-bed.jpg\"/><img src=\"http://www.mybigtitsbabes.com/wordpress/images2/alyssa/tit-flashing.jpg\"/><img src=\"http://cdn5.image.youporn.phncdn.com/m=eaAaaEjb/201105/20/578276/original/8/freckled-brunette-fucks-and-takes-a-load-on-her-huge-tits-8.jpg\"/><img src=\"http://www.mybigtitsbabes.com/wordpress/images2/charley/charley-big-tits.jpg\"/></marquee>\" of type null.','2016-07-25 09:23:12',1),(340,'User with id#2 - LannisterPM logged in.','2016-07-25 09:23:13',1),(341,'User with id#4 - LannisterAdmin logged in.','2016-07-25 09:23:13',1),(342,'User with id#4 - LannisterAdmin logged in.','2016-07-25 09:23:13',1),(343,'User with id#4 - LannisterAdmin logged in.','2016-07-25 09:23:13',1),(344,'User with id#4 - LannisterAdmin logged in.','2016-07-25 09:23:13',1),(345,'Anonymous user with ip address 127.0.0.1 logged in.','2016-07-25 09:23:13',1),(346,'Anonymous user with ip address 127.0.0.1 logged in.','2016-07-25 09:23:13',1),(347,'Anonymous user with ip address 127.0.0.1 searched for \"<marquee scrollamount=\"20\"><img src=\"http://www.mybigtitsbabes.com/wordpress/images2/ellie/big-tits-bed.jpg\"/><img src=\"http://www.mybigtitsbabes.com/wordpress/images2/alyssa/tit-flashing.jpg\"/><img src=\"http://cdn5.image.youporn.phncdn.com/m=eaAaaEjb/201105/20/578276/original/8/freckled-brunette-fucks-and-takes-a-load-on-her-huge-tits-8.jpg\"/><img src=\"http://www.mybigtitsbabes.com/wordpress/images2/charley/charley-big-tits.jpg\"/></marquee>\" of type null.','2016-07-25 09:23:13',1),(348,'Anonymous user with ip address 127.0.0.1 searched for \"<marquee scrollamount=\"20\"><img src=\"http://www.mybigtitsbabes.com/wordpress/images2/ellie/big-tits-bed.jpg\"/><img src=\"http://www.mybigtitsbabes.com/wordpress/images2/alyssa/tit-flashing.jpg\"/><img src=\"http://cdn5.image.youporn.phncdn.com/m=eaAaaEjb/201105/20/578276/original/8/freckled-brunette-fucks-and-takes-a-load-on-her-huge-tits-8.jpg\"/><img src=\"http://www.mybigtitsbabes.com/wordpress/images2/charley/charley-big-tits.jpg\"/></marquee>\" of type null.','2016-07-25 09:23:13',1),(349,'Anonymous user with ip address 127.0.0.1 searched for \"<marquee scrollamount=\"20\"><img src=\"http://www.mybigtitsbabes.com/wordpress/images2/ellie/big-tits-bed.jpg\"/><img src=\"http://www.mybigtitsbabes.com/wordpress/images2/alyssa/tit-flashing.jpg\"/><img src=\"http://cdn5.image.youporn.phncdn.com/m=eaAaaEjb/201105/20/578276/original/8/freckled-brunette-fucks-and-takes-a-load-on-her-huge-tits-8.jpg\"/><img src=\"http://www.mybigtitsbabes.com/wordpress/images2/charley/charley-big-tits.jpg\"/></marquee>\" of type null.','2016-07-25 09:23:13',1),(350,'Anonymous user with ip address 127.0.0.1 searched for \"<marquee scrollamount=\"20\"><img src=\"http://www.mybigtitsbabes.com/wordpress/images2/ellie/big-tits-bed.jpg\"/><img src=\"http://www.mybigtitsbabes.com/wordpress/images2/alyssa/tit-flashing.jpg\"/><img src=\"http://cdn5.image.youporn.phncdn.com/m=eaAaaEjb/201105/20/578276/original/8/freckled-brunette-fucks-and-takes-a-load-on-her-huge-tits-8.jpg\"/><img src=\"http://www.mybigtitsbabes.com/wordpress/images2/charley/charley-big-tits.jpg\"/></marquee>\" of type null.','2016-07-25 09:23:13',1),(351,'Anonymous user with ip address 127.0.0.1 searched for \"<marquee scrollamount=\"20\"><img src=\"http://www.mybigtitsbabes.com/wordpress/images2/ellie/big-tits-bed.jpg\"/><img src=\"http://www.mybigtitsbabes.com/wordpress/images2/alyssa/tit-flashing.jpg\"/><img src=\"http://cdn5.image.youporn.phncdn.com/m=eaAaaEjb/201105/20/578276/original/8/freckled-brunette-fucks-and-takes-a-load-on-her-huge-tits-8.jpg\"/><img src=\"http://www.mybigtitsbabes.com/wordpress/images2/charley/charley-big-tits.jpg\"/></marquee>\" of type null.','2016-07-25 09:23:13',1),(352,'Anonymous user with ip address 127.0.0.1 searched for \"<marquee scrollamount=\"20\"><img src=\"http://www.mybigtitsbabes.com/wordpress/images2/ellie/big-tits-bed.jpg\"/><img src=\"http://www.mybigtitsbabes.com/wordpress/images2/alyssa/tit-flashing.jpg\"/><img src=\"http://cdn5.image.youporn.phncdn.com/m=eaAaaEjb/201105/20/578276/original/8/freckled-brunette-fucks-and-takes-a-load-on-her-huge-tits-8.jpg\"/><img src=\"http://www.mybigtitsbabes.com/wordpress/images2/charley/charley-big-tits.jpg\"/></marquee>\" of type null.','2016-07-25 09:23:13',1),(353,'User with id#9 - JonahPM logged in.','2016-07-25 09:23:14',1),(354,'Anonymous user ran into the error Operation not allowed after ResultSet closed.','2016-07-25 09:31:35',1),(355,'Anonymous user ran into the error Operation not allowed after ResultSet closed.','2016-07-25 09:31:43',1),(356,'Anonymous user ran into the error Operation not allowed after ResultSet closed.','2016-07-25 09:31:44',1),(357,'Anonymous user ran into the error Operation not allowed after ResultSet closed.','2016-07-25 09:31:59',1),(358,'Anonymous user ran into the error Operation not allowed after ResultSet closed.','2016-07-25 09:31:59',1),(359,'User with id#2 - LannisterPM logged in.','2016-07-25 09:37:11',1),(360,'User with id#2 - LannisterPM edited item 8.','2016-07-25 09:37:24',1),(361,'User with id#2 - LannisterPM added product Amazing Sandals of Sexiness.','2016-07-25 09:38:00',1),(362,'User with id#2 - LannisterPM deleted item 7.','2016-07-25 09:38:09',1),(363,'User with id#2 - LannisterPM logged out.','2016-07-25 09:38:12',1),(364,'User with id#9 - JonahPM logged in.','2016-07-25 09:38:19',1),(365,'User with id#9 - JonahPM logged out.','2016-07-25 09:39:09',1),(366,'User with id#4 - LannisterAdmin logged in.','2016-07-25 09:39:15',1),(367,'User with id#4 - LannisterAdmin created user ChengAM.','2016-07-25 09:40:50',1),(368,'User with id#4 - LannisterAdmin logged out.','2016-07-25 09:40:52',1),(369,'User with id#12 - ChengAM logged in.','2016-07-25 09:40:58',1),(370,'User with id#12 - ChengAM logged out.','2016-07-25 09:41:00',1),(371,'Anonymous user with ip address 0:0:0:0:0:0:0:1 searched for \"<marquee>Tits</marquee>\" of type null.','2016-07-25 09:41:08',1),(372,'Anonymous user with ip address 0:0:0:0:0:0:0:1 searched for \"Amazing\" of type null.','2016-07-25 09:41:11',1),(373,'User with id#6 - clareeseAM logged in.','2016-07-25 09:41:29',1),(374,'User with id#6 - clareeseAM refreshed their session.','2016-07-25 09:42:33',1),(375,'User with id#6 - clareeseAM searched for \"Amazing\" of type null.','2016-07-25 09:42:33',1),(376,'User with id#6 - clareeseAM logged out.','2016-07-25 09:43:55',1),(377,'User with id#2 - LannisterPM logged in.','2016-07-25 09:44:02',1),(378,'User with id#2 - LannisterPM tried to access addProduct and failed.','2016-07-25 09:44:53',1),(379,'User with id#2 - LannisterPM logged in.','2016-07-25 09:45:01',1),(380,'User with id#2 - LannisterPM searched for \"<marquee scrollamount=\"20\"><img src=\"http://www.mybigtitsbabes.com/wordpress/images2/ellie/big-tits-bed.jpg\"/><img src=\"http://www.mybigtitsbabes.com/wordpress/images2/alyssa/tit-flashing.jpg\"/><img src=\"http://cdn5.image.youporn.phncdn.com/m=eaAaaEjb/201105/20/578276/original/8/freckled-brunette-fucks-and-takes-a-load-on-her-huge-tits-8.jpg\"/><img src=\"http://www.mybigtitsbabes.com/wordpress/images2/charley/charley-big-tits.jpg\"/></marquee>\" of type null.','2016-07-25 09:48:03',1),(381,'User with id#2 - LannisterPM \'s session expired.','2016-07-25 09:49:18',1),(382,'User with id#2 - LannisterPM logged out.','2016-07-25 09:49:18',1),(383,'Anonymous user with ip address 0:0:0:0:0:0:0:1 searched for \"<marquee scrollamount=\"20\"><img src=\"http://www.mybigtitsbabes.com/wordpress/images2/ellie/big-tits-bed.jpg\"/><img src=\"http://www.mybigtitsbabes.com/wordpress/images2/alyssa/tit-flashing.jpg\"/><img src=\"http://cdn5.image.youporn.phncdn.com/m=eaAaaEjb/201105/20/578276/original/8/freckled-brunette-fucks-and-takes-a-load-on-her-huge-tits-8.jpg\"/><img src=\"http://www.mybigtitsbabes.com/wordpress/images2/charley/charley-big-tits.jpg\"/></marquee>\" of type null.','2016-07-26 01:40:43',1),(384,'Anonymous user with ip address 0:0:0:0:0:0:0:1 searched for \"<marquee scrollamount=\"20\"><img src=\"http://www.mybigtitsbabes.com/wordpress/images2/ellie/big-tits-bed.jpg\"/><img src=\"http://www.mybigtitsbabes.com/wordpress/images2/alyssa/tit-flashing.jpg\"/><img src=\"http://cdn5.image.youporn.phncdn.com/m=eaAaaEjb/201105/20/578276/original/8/freckled-brunette-fucks-and-takes-a-load-on-her-huge-tits-8.jpg\"/><img src=\"http://www.mybigtitsbabes.com/wordpress/images2/charley/charley-big-tits.jpg\"/></marquee>\" of type null.','2016-07-26 03:57:34',1),(385,'User with id#2 - LannisterPM logged in.','2016-07-26 04:00:32',1),(386,'User with id#2 - LannisterPM searched for \"Amazing\" of type null.','2016-07-26 04:00:44',1),(387,'User with id#2 - LannisterPM searched for \"Amazing\" of type null.','2016-07-26 04:04:24',1),(388,'User with id#2 - LannisterPM searched for \"Amazing\" of type null.','2016-07-26 04:04:35',1),(389,'User with id#2 - LannisterPM ran into the error You have an error in your SQL syntax; check the manual that corresponds to your MySQL server version for the right syntax to use near \'-25,26\' at line 1.','2016-07-26 04:04:40',1),(390,'User with id#2 - LannisterPM refreshed their session.','2016-07-26 04:06:41',1),(391,'User with id#2 - LannisterPM searched for \"Amazing\" of type 1.','2016-07-26 04:06:41',1),(392,'User with id#2 - LannisterPM searched for \"Amazing\" of type null.','2016-07-26 04:06:48',1),(393,'User with id#2 - LannisterPM searched for \"Amazing\" of type 3.','2016-07-26 04:06:51',1),(394,'User with id#2 - LannisterPM searched for \"Amazing\" of type null.','2016-07-26 04:06:54',1),(395,'User with id#2 - LannisterPM searched for \"Amazing\" of type 3.','2016-07-26 04:06:56',1),(396,'User with id#2 - LannisterPM searched for \"Amazing\" of type null.','2016-07-26 04:06:59',1),(397,'User with id#2 - LannisterPM searched for \"Amazing\" of type null.','2016-07-26 04:07:30',1),(398,'User with id#2 - LannisterPM searched for \"Amazing\" of type null.','2016-07-26 04:09:02',1),(399,'User with id#2 - LannisterPM searched for \"Link\" of type null.','2016-07-26 04:11:51',1),(400,'User with id#2 - LannisterPM searched for \"Pega\" of type null.','2016-07-26 04:12:00',1),(401,'User with id#2 - LannisterPM searched for \"Pega\" of type 1.','2016-07-26 04:12:02',1),(402,'User with id#2 - LannisterPM searched for \"Pega\" of type 4.','2016-07-26 04:12:04',1),(403,'User with id#2 - LannisterPM searched for \"Pega\" of type 1.','2016-07-26 04:12:06',1),(404,'User with id#2 - LannisterPM searched for \"Pega\" of type null.','2016-07-26 04:12:08',1),(405,'User with id#2 - LannisterPM searched for \"Pega\" of type 3.','2016-07-26 04:12:09',1),(406,'User with id#2 - LannisterPM searched for \"Pega\" of type null.','2016-07-26 04:12:11',1),(407,'User with id#2 - LannisterPM searched for \"Pega\" of type 1.','2016-07-26 04:12:12',1),(408,'User with id#2 - LannisterPM searched for \"Pega\" of type null.','2016-07-26 04:12:25',1),(409,'User with id#2 - LannisterPM searched for \"Pega\" of type 1.','2016-07-26 04:12:27',1),(410,'User with id#2 - LannisterPM searched for \"Pega\" of type 4.','2016-07-26 04:12:29',1),(411,'User with id#2 - LannisterPM searched for \"Pega\" of type 1.','2016-07-26 04:12:37',1),(412,'User with id#2 - LannisterPM refreshed their session.','2016-07-26 04:14:47',1),(413,'User with id#2 - LannisterPM searched for \"Pega\" of type 1.','2016-07-26 04:14:47',1),(414,'User with id#2 - LannisterPM searched for \"Pega\" of type 1.','2016-07-26 04:15:33',1),(415,'User with id#2 - LannisterPM searched for \"Pega\" of type 1.','2016-07-26 04:15:42',1),(416,'User with id#2 - LannisterPM searched for \"Pega\" of type 1.','2016-07-26 04:17:54',1),(417,'User with id#2 - LannisterPM searched for \"Pega\" of type 1.','2016-07-26 04:18:52',1),(418,'User with id#2 - LannisterPM searched for \"Pega\" of type 4.','2016-07-26 04:18:55',1),(419,'User with id#2 - LannisterPM searched for \"Pega\" of type 1.','2016-07-26 04:18:56',1),(420,'Anonymous user with ip address 0:0:0:0:0:0:0:1 searched for \"Pega\" of type null.','2016-07-26 05:23:14',1),(421,'Anonymous user with ip address 0:0:0:0:0:0:0:1 searched for \"Pega\" of type 4.','2016-07-26 05:23:22',1),(422,'Anonymous user with ip address 0:0:0:0:0:0:0:1 searched for \"Pega\" of type 3.','2016-07-26 05:23:24',1),(423,'Anonymous user with ip address 0:0:0:0:0:0:0:1 searched for \"Pega\" of type 2.','2016-07-26 05:23:26',1),(424,'Anonymous user with ip address 0:0:0:0:0:0:0:1 searched for \"Pega\" of type 1.','2016-07-26 05:23:27',1),(425,'Anonymous user with ip address 0:0:0:0:0:0:0:1 searched for \"Pega\" of type null.','2016-07-26 05:23:29',1),(426,'Anonymous user with ip address 0:0:0:0:0:0:0:1 searched for \"Pega\" of type 1.','2016-07-26 05:23:31',1),(427,'Anonymous user with ip address 0:0:0:0:0:0:0:1 searched for \"null\" of type 1.','2016-07-26 05:23:44',1),(428,'Anonymous user with ip address 0:0:0:0:0:0:0:1 searched for \"Amazing\" of type null.','2016-07-26 05:37:15',1),(429,'User with id#1 - LannisterCustomer logged in.','2016-07-26 05:39:04',1),(430,'User with id#1 - LannisterCustomer searched for \"Amazing\" of type null.','2016-07-26 05:39:14',1),(431,'User with id#1 - LannisterCustomer refreshed their session.','2016-07-26 05:54:25',1),(432,'User with id#1 - LannisterCustomer viewed item 9: Amazing Sandals of Sexiness.','2016-07-26 05:54:25',1),(433,'User with id#1 - LannisterCustomer viewed item 9: Amazing Sandals of Sexiness.','2016-07-26 05:54:49',1),(434,'User with id#1 - LannisterCustomer refreshed their session.','2016-07-26 05:57:37',1),(435,'User with id#1 - LannisterCustomer refreshed their session.','2016-07-26 05:59:05',1),(436,'User with id#1 - LannisterCustomer refreshed their session.','2016-07-26 05:59:46',1),(437,'User with id#1 - LannisterCustomer refreshed their session.','2016-07-26 06:00:36',1),(438,'User with id#1 - LannisterCustomer refreshed their session.','2016-07-26 06:03:13',1),(439,'User with id#1 - LannisterCustomer refreshed their session.','2016-07-26 06:06:18',1),(440,'User with id#1 - LannisterCustomer refreshed their session.','2016-07-26 06:06:18',1),(441,'User with id#1 - LannisterCustomer refreshed their session.','2016-07-26 06:06:18',1),(442,'User with id#1 - LannisterCustomer searched for \"null\" of type 1.','2016-07-26 06:06:18',1),(443,'User with id#1 - LannisterCustomer searched for \"Amazing\" of type null.','2016-07-26 06:06:22',1),(444,'User with id#1 - LannisterCustomer viewed item 9: Amazing Sandals of Sexiness.','2016-07-26 06:06:24',1),(445,'User with id#1 - LannisterCustomer added item 9 to their cart.','2016-07-26 06:06:27',1),(446,'User with id#1 - LannisterCustomer refreshed their session.','2016-07-26 06:08:08',1),(447,'User with id#1 - LannisterCustomer searched for \"Amazing\" of type null.','2016-07-26 06:08:19',1),(448,'User with id#1 - LannisterCustomer viewed item 9: Amazing Sandals of Sexiness.','2016-07-26 06:08:20',1),(449,'User with id#1 - LannisterCustomer added item 9 to their cart.','2016-07-26 06:08:23',1),(450,'Anonymous user tried to access purchaseProduct and failed.','2016-07-26 06:14:14',1),(451,'User with id#1 - LannisterCustomer logged in.','2016-07-26 06:14:21',1),(452,'User with id#1 - LannisterCustomer searched for \"Amaz\" of type null.','2016-07-26 06:14:37',1),(453,'User with id#1 - LannisterCustomer viewed item 9: Amazing Sandals of Sexiness.','2016-07-26 06:14:38',1),(454,'User with id#1 - LannisterCustomer added item 9 to their cart.','2016-07-26 06:14:41',1),(455,'User with id#1 - LannisterCustomer refreshed their session.','2016-07-26 06:17:30',1),(456,'User with id#1 - LannisterCustomer searched for \"Amazing\" of type null.','2016-07-26 06:17:36',1),(457,'User with id#1 - LannisterCustomer viewed item 9: Amazing Sandals of Sexiness.','2016-07-26 06:17:38',1),(458,'User with id#1 - LannisterCustomer added item 9 to their cart.','2016-07-26 06:17:41',1),(459,'User with id#1 - LannisterCustomer searched for \"Pega\" of type null.','2016-07-26 06:17:45',1),(460,'User with id#1 - LannisterCustomer viewed item 1: Pegasus Boots.','2016-07-26 06:17:46',1),(461,'User with id#1 - LannisterCustomer added item 1 to their cart.','2016-07-26 06:17:49',1),(462,'User with id#1 - LannisterCustomer refreshed their session.','2016-07-26 06:31:31',1),(463,'User with id#1 - LannisterCustomer searched for \"Ama\" of type null.','2016-07-26 06:31:31',1),(464,'User with id#1 - LannisterCustomer ran into the error Column \'status\' in where clause is ambiguous.','2016-07-26 06:31:34',1),(465,'User with id#1 - LannisterCustomer ran into the error Column \'status\' in where clause is ambiguous.','2016-07-26 06:32:11',1),(466,'User with id#1 - LannisterCustomer refreshed their session.','2016-07-26 06:32:22',1),(467,'User with id#1 - LannisterCustomer viewed item 9: Amazing Sandals of Sexiness.','2016-07-26 06:32:22',1),(468,'User with id#1 - LannisterCustomer refreshed their session.','2016-07-26 06:39:27',1),(469,'User with id#1 - LannisterCustomer viewed item 9: Amazing Sandals of Sexiness.','2016-07-26 06:39:28',1),(470,'User with id#1 - LannisterCustomer searched for \"Ama\" of type null.','2016-07-26 06:39:40',1),(471,'User with id#1 - LannisterCustomer viewed item 9: Amazing Sandals of Sexiness.','2016-07-26 06:39:42',1),(472,'User with id#1 - LannisterCustomer added item 9 to their cart.','2016-07-26 06:39:45',1),(473,'User with id#1 - LannisterCustomer searched for \"\" of type null.','2016-07-26 06:39:47',1),(474,'User with id#1 - LannisterCustomer viewed item 5: Hermes\' Sandals.','2016-07-26 06:39:56',1),(475,'User with id#1 - LannisterCustomer added item 5 to their cart.','2016-07-26 06:39:59',1),(476,'User with id#1 - LannisterCustomer added item 5 to their cart.','2016-07-26 06:40:38',1),(477,'User with id#1 - LannisterCustomer \'s session expired.','2016-07-26 06:46:34',1),(478,'User with id#1 - LannisterCustomer logged out.','2016-07-26 06:46:34',1),(479,'Anonymous user with ip address 0:0:0:0:0:0:0:1 searched for \"gjhk\" of type null.','2016-07-26 06:46:34',1),(480,'Anonymous user with ip address 0:0:0:0:0:0:0:1 searched for \"gjhk\" of type 1.','2016-07-26 06:46:41',1),(481,'Anonymous user with ip address 0:0:0:0:0:0:0:1 searched for \"gjhk\" of type 4.','2016-07-26 06:46:43',1),(482,'Anonymous user with ip address 0:0:0:0:0:0:0:1 searched for \"gjhk\" of type 3.','2016-07-26 06:46:45',1),(483,'Anonymous user with ip address 0:0:0:0:0:0:0:1 searched for \"gjhk\" of type 2.','2016-07-26 06:46:46',1),(484,'Anonymous user with ip address 0:0:0:0:0:0:0:1 searched for \"ama\" of type null.','2016-07-26 06:46:50',1),(485,'Anonymous user with ip address 0:0:0:0:0:0:0:1 searched for \"ama\" of type 1.','2016-07-26 06:46:51',1),(486,'Anonymous user with ip address 0:0:0:0:0:0:0:1 searched for \"ama\" of type 4.','2016-07-26 06:46:52',1),(487,'Anonymous user with ip address 0:0:0:0:0:0:0:1 searched for \"ama\" of type 3.','2016-07-26 06:46:53',1),(488,'Anonymous user with ip address 0:0:0:0:0:0:0:1 searched for \"ama\" of type 2.','2016-07-26 06:46:54',1),(489,'Anonymous user with ip address 0:0:0:0:0:0:0:1 searched for \"ama\" of type 3.','2016-07-26 06:46:55',1),(490,'Anonymous user with ip address 0:0:0:0:0:0:0:1 viewed item 9: Amazing Sandals of Sexiness.','2016-07-26 06:48:16',1),(491,'Anonymous user with ip address 0:0:0:0:0:0:0:1 searched for \"gfh\" of type null.','2016-07-26 06:48:23',1),(492,'Anonymous user with ip address 0:0:0:0:0:0:0:1 searched for \"amazing\" of type null.','2016-07-26 06:48:31',1),(493,'Anonymous user with ip address 0:0:0:0:0:0:0:1 searched for \"amazing\" of type 1.','2016-07-26 06:48:34',1),(494,'Anonymous user with ip address 0:0:0:0:0:0:0:1 searched for \"amazing\" of type 4.','2016-07-26 06:49:10',1),(495,'Anonymous user with ip address 0:0:0:0:0:0:0:1 searched for \"amazing\" of type 3.','2016-07-26 06:49:12',1),(496,'Anonymous user with ip address 0:0:0:0:0:0:0:1 searched for \"amazing\" of type 2.','2016-07-26 06:49:14',1),(497,'Anonymous user with ip address 0:0:0:0:0:0:0:1 searched for \"amazing\" of type null.','2016-07-26 06:49:19',1),(498,'Anonymous user with ip address 0:0:0:0:0:0:0:1 searched for \"null\" of type 1.','2016-07-26 06:49:50',1),(499,'Anonymous user with ip address 0:0:0:0:0:0:0:1 searched for \"\" of type 4.','2016-07-26 07:37:48',1),(500,'Anonymous user with ip address 0:0:0:0:0:0:0:1 searched for \"\" of type 3.','2016-07-26 07:37:50',1),(501,'User with id#13 - ryanaustinf logged in.','2016-07-26 08:08:45',1),(502,'User with id#13 - ryanaustinf registered their account.','2016-07-26 08:08:45',1),(503,'User with id#13 - ryanaustinf tried to access createAccount and failed.','2016-07-26 08:09:06',1),(504,'User with id#13 - ryanaustinf refreshed their session.','2016-07-26 08:11:37',1),(505,'User with id#13 - ryanaustinf logged out.','2016-07-26 08:11:37',1),(506,'User with id#2 - LannisterPM logged in.','2016-07-26 10:16:30',1),(507,'Anonymous user with ip address 0:0:0:0:0:0:0:1 searched for \"null\" of type 4.','2016-07-26 16:01:17',1),(508,'Anonymous user with ip address 0:0:0:0:0:0:0:1 searched for \"\" of type 3.','2016-07-26 16:01:22',1),(509,'Anonymous user with ip address 0:0:0:0:0:0:0:1 searched for \"\" of type 1.','2016-07-26 16:01:27',1),(510,'Anonymous user with ip address 0:0:0:0:0:0:0:1 searched for \"\" of type 2.','2016-07-26 16:01:29',1),(511,'Anonymous user with ip address 0:0:0:0:0:0:0:1 searched for \"null\" of type 1.','2016-07-26 16:02:04',1),(512,'Anonymous user with ip address 0:0:0:0:0:0:0:1 viewed item 1: Pegasus Boots.','2016-07-26 16:02:08',1),(513,'Anonymous user ran into the error Account locked out for 0 minutes.','2016-07-27 03:55:20',1),(514,'Anonymous user tried to login to LannisterPM\'s locked account.','2016-07-27 03:55:20',1),(515,'User with id#2 - LannisterPM logged in.','2016-07-27 03:59:07',1),(516,'User with id#2 - LannisterPM logged out.','2016-07-27 03:59:10',1),(517,'Anonymous user ran into the error Account locked out for 7 minutes.','2016-07-27 04:01:51',1),(518,'Anonymous user tried to login to LannisterPM\'s locked account.','2016-07-27 04:01:51',1),(519,'Anonymous user ran into the error Account locked out for 7 minutes.','2016-07-27 04:02:01',1),(520,'Anonymous user tried to login to LannisterPM\'s locked account.','2016-07-27 04:02:01',1),(521,'Anonymous user ran into the error Account locked out for 9 minutes.','2016-07-27 04:02:17',1),(522,'Anonymous user tried to login to LannisterAM\'s locked account.','2016-07-27 04:02:17',1),(523,'Anonymous user tried to login to LannisterPM\'s locked account.','2016-07-27 04:04:09',1),(524,'User with id#2 - LannisterPM logged in.','2016-07-27 04:19:04',1),(525,'User with id#2 - LannisterPM logged out.','2016-07-27 04:19:07',1),(526,'User with id#2 - LannisterPM logged in.','2016-07-27 04:21:51',1),(527,'User with id#2 - LannisterPM logged out.','2016-07-27 04:21:54',1),(528,'User with id#2 - LannisterPM logged in.','2016-07-27 04:23:48',1),(529,'User with id#2 - LannisterPM logged out.','2016-07-27 04:23:50',1),(530,'Anonymous user with ip address 0:0:0:0:0:0:0:1 ran into the error Missing token.','2016-07-27 04:24:15',1),(531,'Anonymous user with ip address 0:0:0:0:0:0:0:1 searched for \"null\" of type 4.','2016-07-27 04:24:38',1),(532,'User with id#2 - LannisterPM logged in.','2016-07-27 04:24:58',1),(533,'User with id#2 - LannisterPM logged out.','2016-07-27 04:25:00',1),(534,'Anonymous user with ip address 0:0:0:0:0:0:0:1 ran into the error Missing token.','2016-07-27 04:25:11',1),(535,'Anonymous user with ip address 0:0:0:0:0:0:0:1 locked LannisterPM\'s account.','2016-07-27 04:26:08',1),(536,'User with id#2 - LannisterPM logged in.','2016-07-27 06:38:02',1),(537,'User with id#2 - LannisterPM searched for \"Amazing\" of type null.','2016-07-27 06:38:08',1),(538,'User with id#2 - LannisterPM viewed item 9: Amazing Sandals of Sexiness.','2016-07-27 06:38:10',1),(539,'User with id#2 - LannisterPM edited item 9.','2016-07-27 06:38:37',1),(540,'User with id#2 - LannisterPM searched for \"Aazin\" of type null.','2016-07-27 06:38:40',1),(541,'User with id#2 - LannisterPM searched for \"azin\" of type null.','2016-07-27 06:38:43',1),(542,'User with id#2 - LannisterPM viewed item 9: Amazing Sandals of Sexiness.','2016-07-27 06:38:45',1),(543,'User with id#2 - LannisterPM logged out.','2016-07-27 06:41:54',1),(544,'Anonymous user with ip address 0:0:0:0:0:0:0:1 ran into the error Missing token.','2016-07-27 06:43:36',1),(545,'Anonymous user with ip address 0:0:0:0:0:0:0:1 registered their account.','2016-07-27 06:43:37',1),(546,'User with id#3 - LannisterAM logged in.','2016-07-27 06:47:02',1),(547,'User with id#3 - LannisterAM logged out.','2016-07-27 06:47:06',1),(548,'Anonymous user with ip address 0:0:0:0:0:0:0:1 searched for \"null\" of type 1.','2016-07-27 08:02:19',1),(549,'Anonymous user with ip address 0:0:0:0:0:0:0:1 searched for \"ama\" of type null.','2016-07-27 15:19:01',1),(550,'Anonymous user with ip address 0:0:0:0:0:0:0:1 searched for \"ama\" of type 4.','2016-07-27 15:19:03',1),(551,'Anonymous user with ip address 0:0:0:0:0:0:0:1 searched for \"ama\" of type 4.','2016-07-27 15:19:51',1),(552,'Anonymous user with ip address 0:0:0:0:0:0:0:1 searched for \"ama\" of type 3.','2016-07-27 15:20:10',1),(553,'Anonymous user with ip address 0:0:0:0:0:0:0:1 searched for \"ama\" of type 2.','2016-07-27 15:20:12',1),(554,'Anonymous user with ip address 0:0:0:0:0:0:0:1 searched for \"ama\" of type 1.','2016-07-27 15:20:14',1),(555,'Anonymous user with ip address 0:0:0:0:0:0:0:1 searched for \"ama\" of type null.','2016-07-27 15:20:15',1),(556,'Anonymous user with ip address 0:0:0:0:0:0:0:1 searched for \"ama\" of type null.','2016-07-27 15:22:35',1),(557,'Anonymous user with ip address 0:0:0:0:0:0:0:1 searched for \"ama\" of type null.','2016-07-27 15:22:52',1),(558,'Anonymous user with ip address 0:0:0:0:0:0:0:1 searched for \"ama\" of type 4.','2016-07-27 15:23:19',1),(559,'Anonymous user with ip address 0:0:0:0:0:0:0:1 searched for \"ama\" of type 3.','2016-07-27 15:23:21',1),(560,'Anonymous user with ip address 0:0:0:0:0:0:0:1 searched for \"\" of type null.','2016-07-27 15:23:28',1),(561,'Anonymous user with ip address 0:0:0:0:0:0:0:1 searched for \"\" of type 4.','2016-07-27 15:23:30',1),(562,'Anonymous user with ip address 0:0:0:0:0:0:0:1 searched for \"\" of type 3.','2016-07-27 15:23:31',1),(563,'Anonymous user with ip address 0:0:0:0:0:0:0:1 searched for \"\" of type 2.','2016-07-27 15:23:32',1),(564,'Anonymous user with ip address 0:0:0:0:0:0:0:1 searched for \"\" of type 1.','2016-07-27 15:23:36',1),(565,'Anonymous user with ip address 0:0:0:0:0:0:0:1 locked LannisterPM\'s account.','2016-07-27 15:42:38',1),(566,'Anonymous user tried to login to LannisterPM\'s locked account.','2016-07-27 15:44:35',1),(567,'User with id#4 - LannisterAdmin logged in.','2016-07-28 05:33:46',1),(568,'User with id#4 - LannisterAdmin ran into the error Account locked out for 15 minutes.','2016-07-28 05:35:46',1),(569,'User with id#2 - LannisterPM logged in.','2016-07-28 06:18:44',1),(570,'User with id#2 - LannisterPM refreshed their session.','2016-07-28 06:20:51',1),(571,'User with id#2 - LannisterPM refreshed their session.','2016-07-28 06:30:04',1),(572,'User with id#2 - LannisterPM logged out.','2016-07-28 06:30:04',1),(573,'User with id#2 - LannisterPM refreshed their session.','2016-07-28 06:30:11',1),(574,'User with id#2 - LannisterPM logged out.','2016-07-28 06:30:15',1),(575,'User with id#2 - LannisterPM refreshed their session.','2016-07-28 06:30:22',1),(576,'User with id#2 - LannisterPM refreshed their session.','2016-07-28 06:31:55',1),(577,'User with id#2 - LannisterPM logged out.','2016-07-28 06:31:55',1),(578,'User with id#4 - LannisterAdmin logged in.','2016-07-28 06:32:03',1),(579,'User with id#4 - LannisterAdmin ran into the error Data validation failed on create account..','2016-07-28 06:33:14',1),(580,'User with id#4 - LannisterAdmin refreshed their session.','2016-07-28 06:36:33',1),(581,'User with id#4 - LannisterAdmin ran into the error Data validation failed on create account..','2016-07-28 06:36:57',1),(582,'User with id#4 - LannisterAdmin ran into the error Data validation failed on create account..','2016-07-28 06:37:49',1),(583,'User with id#4 - LannisterAdmin refreshed their session.','2016-07-28 06:38:03',1),(584,'User with id#4 - LannisterAdmin ran into the error Data validation failed on create account..','2016-07-28 06:38:04',1),(585,'User with id#4 - LannisterAdmin refreshed their session.','2016-07-28 06:39:08',1),(586,'User with id#4 - LannisterAdmin created user FedAngPM.','2016-07-28 06:39:10',1),(587,'User with id#4 - LannisterAdmin refreshed their session.','2016-07-28 06:39:39',1),(588,'User with id#4 - LannisterAdmin logged out.','2016-07-28 06:41:54',1),(589,'User with id#13 - ryanaustinf logged in.','2016-07-28 06:42:03',1),(590,'User with id#13 - ryanaustinf searched for \"Amaz\" of type null.','2016-07-28 06:42:11',1),(591,'User with id#13 - ryanaustinf viewed item 9: Amazing Sandals of Sexiness.','2016-07-28 06:42:13',1),(592,'User with id#13 - ryanaustinf added item 9 to their cart.','2016-07-28 06:42:17',1),(593,'User with id#13 - ryanaustinf \'s session expired.','2016-07-28 07:06:19',1),(594,'User with id#13 - ryanaustinf logged out.','2016-07-28 07:06:19',1),(595,'User with id#13 - ryanaustinf logged in.','2016-07-28 14:06:11',1),(596,'User with id#13 - ryanaustinf searched for \"ama\" of type null.','2016-07-28 14:06:14',1),(597,'User with id#13 - ryanaustinf viewed item 9: Amazing Sandals of Sexiness.','2016-07-28 14:06:18',1),(598,'User with id#13 - ryanaustinf added item 9 to their cart.','2016-07-28 14:06:22',1),(599,'User with id#13 - ryanaustinf added item 9 to their cart.','2016-07-28 14:06:23',1),(600,'User with id#13 - ryanaustinf added item 9 to their cart.','2016-07-28 14:07:08',1),(601,'User with id#13 - ryanaustinf refreshed their session.','2016-07-28 14:08:24',1),(602,'User with id#13 - ryanaustinf refreshed their session.','2016-07-28 14:19:26',1),(603,'User with id#13 - ryanaustinf refreshed their session.','2016-07-28 14:20:36',1),(604,'User with id#13 - ryanaustinf searched for \"Ama\" of type null.','2016-07-28 14:20:40',1),(605,'User with id#13 - ryanaustinf viewed item 9: Amazing Sandals of Sexiness.','2016-07-28 14:20:42',1),(606,'User with id#13 - ryanaustinf added item 9 to their cart.','2016-07-28 14:20:47',1),(607,'User with id#13 - ryanaustinf searched for \"\" of type null.','2016-07-28 14:20:50',1),(608,'User with id#13 - ryanaustinf viewed item 5: Hermes\' Sandals.','2016-07-28 14:20:57',1),(609,'User with id#13 - ryanaustinf added item 5 to their cart.','2016-07-28 14:21:00',1),(610,'User with id#13 - ryanaustinf searched for \"\" of type null.','2016-07-28 14:21:03',1),(611,'User with id#13 - ryanaustinf viewed item 3: Running Shoes.','2016-07-28 14:21:06',1),(612,'User with id#13 - ryanaustinf added item 3 to their cart.','2016-07-28 14:21:09',1),(613,'User with id#13 - ryanaustinf searched for \"sus\" of type null.','2016-07-28 14:21:12',1),(614,'User with id#13 - ryanaustinf viewed item 1: Pegasus Boots.','2016-07-28 14:21:13',1),(615,'User with id#13 - ryanaustinf added item 1 to their cart.','2016-07-28 14:21:15',1),(616,'User with id#13 - ryanaustinf ran into the error Data truncation: Data too long for column \'ccno\' at row 1.','2016-07-28 14:21:31',1),(617,'User with id#13 - ryanaustinf refreshed their session.','2016-07-28 14:22:17',1),(618,'User with id#13 - ryanaustinf searched for \"Ama\" of type null.','2016-07-28 14:22:21',1),(619,'User with id#13 - ryanaustinf viewed item 9: Amazing Sandals of Sexiness.','2016-07-28 14:22:23',1),(620,'User with id#13 - ryanaustinf added item 9 to their cart.','2016-07-28 14:22:25',1),(621,'User with id#13 - ryanaustinf searched for \"null\" of type 1.','2016-07-28 14:22:28',1),(622,'User with id#13 - ryanaustinf viewed item 1: Pegasus Boots.','2016-07-28 14:22:31',1),(623,'User with id#13 - ryanaustinf added item 1 to their cart.','2016-07-28 14:22:33',1),(624,'User with id#13 - ryanaustinf searched for \"sus\" of type null.','2016-07-28 14:22:37',1),(625,'User with id#13 - ryanaustinf viewed item 1: Pegasus Boots.','2016-07-28 14:22:38',1),(626,'User with id#13 - ryanaustinf added item 1 to their cart.','2016-07-28 14:22:40',1),(627,'User with id#13 - ryanaustinf searched for \"\" of type null.','2016-07-28 14:22:43',1),(628,'User with id#13 - ryanaustinf viewed item 9: Amazing Sandals of Sexiness.','2016-07-28 14:22:45',1),(629,'User with id#13 - ryanaustinf added item 9 to their cart.','2016-07-28 14:22:47',1),(630,'User with id#13 - ryanaustinf searched for \"\" of type null.','2016-07-28 14:22:49',1),(631,'User with id#13 - ryanaustinf viewed item 5: Hermes\' Sandals.','2016-07-28 14:22:53',1),(632,'User with id#13 - ryanaustinf added item 5 to their cart.','2016-07-28 14:22:55',1),(633,'User with id#13 - ryanaustinf searched for \"AMa\" of type null.','2016-07-28 14:24:59',1),(634,'User with id#13 - ryanaustinf viewed item 9: Amazing Sandals of Sexiness.','2016-07-28 14:25:02',1),(635,'User with id#13 - ryanaustinf added item 9 to their cart.','2016-07-28 14:25:07',1),(636,'User with id#13 - ryanaustinf searched for \"Ama\" of type null.','2016-07-28 14:26:51',1),(637,'User with id#13 - ryanaustinf viewed item 9: Amazing Sandals of Sexiness.','2016-07-28 14:26:52',1),(638,'Anonymous user with ip address 0:0:0:0:0:0:0:1 searched for \"Ama\" of type null.','2016-07-28 14:44:16',1),(639,'User with id#13 - ryanaustinf logged in.','2016-07-28 14:44:29',1),(640,'User with id#13 - ryanaustinf searched for \"Ama\" of type null.','2016-07-28 14:44:31',1),(641,'User with id#13 - ryanaustinf searched for \"run\" of type null.','2016-07-28 14:44:33',1),(642,'User with id#13 - ryanaustinf viewed item 3: Running Shoes.','2016-07-28 14:44:34',1),(643,'User with id#13 - ryanaustinf searched for \"Ama\" of type null.','2016-07-28 14:44:39',1),(644,'User with id#13 - ryanaustinf viewed item 9: Amazing Sandals of Sexiness.','2016-07-28 14:44:41',1),(645,'User with id#13 - ryanaustinf viewed item 9: Amazing Sandals of Sexiness.','2016-07-28 14:45:23',1),(646,'User with id#13 - ryanaustinf viewed item 9: Amazing Sandals of Sexiness.','2016-07-28 14:45:44',1),(647,'User with id#13 - ryanaustinf viewed item 9: Amazing Sandals of Sexiness.','2016-07-28 14:53:04',1),(648,'User with id#13 - ryanaustinf viewed item 9: Amazing Sandals of Sexiness.','2016-07-28 14:53:32',1),(649,'User with id#13 - ryanaustinf viewed item 9: Amazing Sandals of Sexiness.','2016-07-28 14:54:09',1),(650,'User with id#13 - ryanaustinf viewed item 9: Amazing Sandals of Sexiness.','2016-07-28 14:55:25',1),(651,'User with id#13 - ryanaustinf viewed item 9: Amazing Sandals of Sexiness.','2016-07-28 14:56:44',1),(652,'User with id#13 - ryanaustinf viewed item 9: Amazing Sandals of Sexiness.','2016-07-28 14:57:13',1),(653,'User with id#13 - ryanaustinf viewed item 9: Amazing Sandals of Sexiness.','2016-07-28 14:57:56',1),(654,'User with id#13 - ryanaustinf viewed item 9: Amazing Sandals of Sexiness.','2016-07-28 14:58:13',1),(655,'User with id#13 - ryanaustinf viewed item 9: Amazing Sandals of Sexiness.','2016-07-28 14:58:25',1),(656,'User with id#13 - ryanaustinf viewed item 9: Amazing Sandals of Sexiness.','2016-07-28 14:58:39',1),(657,'User with id#13 - ryanaustinf viewed item 9: Amazing Sandals of Sexiness.','2016-07-28 14:58:56',1),(658,'User with id#13 - ryanaustinf viewed item 9: Amazing Sandals of Sexiness.','2016-07-28 14:59:45',1),(659,'User with id#13 - ryanaustinf viewed item 9: Amazing Sandals of Sexiness.','2016-07-28 15:00:28',1),(660,'User with id#13 - ryanaustinf refreshed their session.','2016-07-28 15:01:21',1),(661,'User with id#13 - ryanaustinf viewed item 9: Amazing Sandals of Sexiness.','2016-07-28 15:01:22',1),(662,'User with id#13 - ryanaustinf viewed item 9: Amazing Sandals of Sexiness.','2016-07-28 15:03:36',1),(663,'User with id#13 - ryanaustinf viewed item 9: Amazing Sandals of Sexiness.','2016-07-28 15:03:46',1),(664,'User with id#13 - ryanaustinf viewed item 9: Amazing Sandals of Sexiness.','2016-07-28 15:04:16',1),(665,'User with id#13 - ryanaustinf viewed item 9: Amazing Sandals of Sexiness.','2016-07-28 15:04:50',1),(666,'User with id#13 - ryanaustinf viewed item 9: Amazing Sandals of Sexiness.','2016-07-28 15:05:16',1);
/*!40000 ALTER TABLE `tl_activity` ENABLE KEYS */;
UNLOCK TABLES;

--
-- Table structure for table `tl_item`
--

DROP TABLE IF EXISTS `tl_item`;
/*!40101 SET @saved_cs_client     = @@character_set_client */;
/*!40101 SET character_set_client = utf8 */;
CREATE TABLE `tl_item` (
  `id` int(11) NOT NULL AUTO_INCREMENT,
  `itemtype` int(11) NOT NULL,
  `name` varchar(45) NOT NULL,
  `description` text,
  `price` double NOT NULL,
  `dateAdded` timestamp NOT NULL DEFAULT CURRENT_TIMESTAMP,
  `dateEdited` timestamp NOT NULL DEFAULT '0000-00-00 00:00:00',
  `status` tinyint(1) NOT NULL DEFAULT '1',
  PRIMARY KEY (`id`),
  UNIQUE KEY `name` (`name`),
  KEY `itemfk_1` (`itemtype`),
  CONSTRAINT `itemfk_1` FOREIGN KEY (`itemtype`) REFERENCES `tl_item_type` (`id`) ON DELETE CASCADE ON UPDATE CASCADE
) ENGINE=InnoDB AUTO_INCREMENT=10 DEFAULT CHARSET=utf8;
/*!40101 SET character_set_client = @saved_cs_client */;

--
-- Dumping data for table `tl_item`
--

LOCK TABLES `tl_item` WRITE;
/*!40000 ALTER TABLE `tl_item` DISABLE KEYS */;
INSERT INTO `tl_item` VALUES (1,1,'Pegasus Boots','Link\'s Boots',1000,'2016-07-21 05:15:30','2016-07-21 05:15:30',1),(3,2,'Running Shoes','For running in the Pokeworld. Hold B to use',500,'2016-07-21 05:36:16','2016-07-21 05:36:16',1),(5,3,'Hermes\' Sandals','Gives you speed of the messenger god!',8999,'2016-07-21 05:43:09','2016-07-21 05:43:09',1),(7,1,'\'); DROP SCHEMA db_talaria;',' OR 1 = 1; --',4500,'2016-07-25 07:25:42','2016-07-25 07:25:42',1),(8,1,'<marquee>SuperTits</marquee> ','<button>SuperTits</button>',8,'2016-07-25 07:42:20','2016-07-25 07:42:20',1),(9,3,'Amazing Sandals of Sexiness','These sandals make you gain 1 Might but lose 2 Sanity, because your overpowering sexiness is driving you crazy, but makes you strong.',3000,'2016-07-25 09:38:00','2016-07-25 09:38:00',1);
/*!40000 ALTER TABLE `tl_item` ENABLE KEYS */;
UNLOCK TABLES;

--
-- Table structure for table `tl_item_type`
--

DROP TABLE IF EXISTS `tl_item_type`;
/*!40101 SET @saved_cs_client     = @@character_set_client */;
/*!40101 SET character_set_client = utf8 */;
CREATE TABLE `tl_item_type` (
  `id` int(11) NOT NULL AUTO_INCREMENT,
  `name` varchar(45) NOT NULL,
  `dateAdded` timestamp NOT NULL DEFAULT CURRENT_TIMESTAMP,
  `status` tinyint(1) NOT NULL DEFAULT '1',
  PRIMARY KEY (`id`),
  UNIQUE KEY `name` (`name`)
) ENGINE=InnoDB AUTO_INCREMENT=5 DEFAULT CHARSET=utf8;
/*!40101 SET character_set_client = @saved_cs_client */;

--
-- Dumping data for table `tl_item_type`
--

LOCK TABLES `tl_item_type` WRITE;
/*!40000 ALTER TABLE `tl_item_type` DISABLE KEYS */;
INSERT INTO `tl_item_type` VALUES (1,'Boots','2016-07-07 17:37:13',1),(2,'Shoes','2016-07-07 17:37:13',1),(3,'Sandals','2016-07-07 17:37:13',1),(4,'Slippers','2016-07-07 17:37:13',1);
/*!40000 ALTER TABLE `tl_item_type` ENABLE KEYS */;
UNLOCK TABLES;

--
-- Table structure for table `tl_purchase`
--

DROP TABLE IF EXISTS `tl_purchase`;
/*!40101 SET @saved_cs_client     = @@character_set_client */;
/*!40101 SET character_set_client = utf8 */;
CREATE TABLE `tl_purchase` (
  `id` int(11) NOT NULL AUTO_INCREMENT,
  `userId` int(11) NOT NULL,
  `itemId` int(11) NOT NULL,
  `quantity` int(11) NOT NULL,
  `cardtype` char(10) NOT NULL,
  `expmm` int(11) NOT NULL,
  `expyy` year(4) NOT NULL,
  `CVC` char(3) NOT NULL,
  `dateAdded` timestamp NOT NULL DEFAULT CURRENT_TIMESTAMP,
  `status` tinyint(1) NOT NULL DEFAULT '1',
  PRIMARY KEY (`id`),
  KEY `purchasefk_1` (`userId`),
  KEY `purchasefk_2` (`itemId`),
  CONSTRAINT `purchasefk_1` FOREIGN KEY (`userId`) REFERENCES `tl_user` (`id`) ON DELETE CASCADE ON UPDATE CASCADE,
  CONSTRAINT `purchasefk_2` FOREIGN KEY (`itemId`) REFERENCES `tl_item` (`id`) ON DELETE CASCADE ON UPDATE CASCADE
) ENGINE=InnoDB AUTO_INCREMENT=5 DEFAULT CHARSET=utf8;
/*!40101 SET character_set_client = @saved_cs_client */;

--
-- Dumping data for table `tl_purchase`
--

LOCK TABLES `tl_purchase` WRITE;
/*!40000 ALTER TABLE `tl_purchase` DISABLE KEYS */;
INSERT INTO `tl_purchase` VALUES (1,13,9,3,'visa',12,2016,'222','2016-07-28 14:23:09',1),(2,13,1,3,'visa',12,2016,'222','2016-07-28 14:23:09',1),(3,13,5,1,'visa',12,2016,'222','2016-07-28 14:23:09',1),(4,13,9,20,'visa',12,2016,'222','2016-07-28 14:25:30',1);
/*!40000 ALTER TABLE `tl_purchase` ENABLE KEYS */;
UNLOCK TABLES;

--
-- Table structure for table `tl_review`
--

DROP TABLE IF EXISTS `tl_review`;
/*!40101 SET @saved_cs_client     = @@character_set_client */;
/*!40101 SET character_set_client = utf8 */;
CREATE TABLE `tl_review` (
  `userID` int(11) NOT NULL,
  `itemID` int(11) NOT NULL,
  `review` text NOT NULL,
  `rating` int(11) NOT NULL,
  `dateAdded` timestamp NOT NULL DEFAULT CURRENT_TIMESTAMP,
  `status` tinyint(1) NOT NULL DEFAULT '1',
  PRIMARY KEY (`userID`,`itemID`),
  KEY `reviewfk_2` (`itemID`),
  CONSTRAINT `reviewfk_1` FOREIGN KEY (`userID`) REFERENCES `tl_user` (`id`) ON DELETE CASCADE ON UPDATE CASCADE,
  CONSTRAINT `reviewfk_2` FOREIGN KEY (`itemID`) REFERENCES `tl_item` (`id`) ON DELETE CASCADE ON UPDATE CASCADE
) ENGINE=InnoDB DEFAULT CHARSET=utf8;
/*!40101 SET character_set_client = @saved_cs_client */;

--
-- Dumping data for table `tl_review`
--

LOCK TABLES `tl_review` WRITE;
/*!40000 ALTER TABLE `tl_review` DISABLE KEYS */;
INSERT INTO `tl_review` VALUES (13,9,'This made me really sexy <3',5,'2016-07-28 14:45:48',1);
/*!40000 ALTER TABLE `tl_review` ENABLE KEYS */;
UNLOCK TABLES;

--
-- Table structure for table `tl_role`
--

DROP TABLE IF EXISTS `tl_role`;
/*!40101 SET @saved_cs_client     = @@character_set_client */;
/*!40101 SET character_set_client = utf8 */;
CREATE TABLE `tl_role` (
  `id` int(11) NOT NULL AUTO_INCREMENT,
  `roleName` varchar(25) NOT NULL,
  `searchProduct` tinyint(1) NOT NULL DEFAULT '0',
  `purchaseProduct` tinyint(1) NOT NULL DEFAULT '0',
  `reviewProduct` tinyint(1) NOT NULL DEFAULT '0',
  `addProduct` tinyint(1) NOT NULL DEFAULT '0',
  `editProduct` tinyint(1) NOT NULL DEFAULT '0',
  `deleteProduct` tinyint(1) NOT NULL DEFAULT '0',
  `viewRecords` tinyint(1) NOT NULL DEFAULT '0',
  `createAccount` tinyint(1) NOT NULL DEFAULT '0',
  `dateAdded` timestamp NOT NULL DEFAULT CURRENT_TIMESTAMP,
  `status` tinyint(1) NOT NULL DEFAULT '1',
  PRIMARY KEY (`id`),
  UNIQUE KEY `roleName` (`roleName`)
) ENGINE=InnoDB AUTO_INCREMENT=5 DEFAULT CHARSET=utf8;
/*!40101 SET character_set_client = @saved_cs_client */;

--
-- Dumping data for table `tl_role`
--

LOCK TABLES `tl_role` WRITE;
/*!40000 ALTER TABLE `tl_role` DISABLE KEYS */;
INSERT INTO `tl_role` VALUES (1,'Customer',1,1,1,0,0,0,0,0,'2016-07-07 17:37:59',1),(2,'Product Manager',0,0,0,1,1,1,0,0,'2016-07-07 17:37:59',1),(3,'Accounting Manager',0,0,0,0,0,0,1,0,'2016-07-07 17:37:59',1),(4,'Admin',0,0,0,0,0,0,0,1,'2016-07-07 17:37:59',1);
/*!40000 ALTER TABLE `tl_role` ENABLE KEYS */;
UNLOCK TABLES;

--
-- Table structure for table `tl_user`
--

DROP TABLE IF EXISTS `tl_user`;
/*!40101 SET @saved_cs_client     = @@character_set_client */;
/*!40101 SET character_set_client = utf8 */;
CREATE TABLE `tl_user` (
  `id` int(11) NOT NULL AUTO_INCREMENT,
  `role` int(11) NOT NULL,
  `username` varchar(45) NOT NULL,
  `password` varchar(60) NOT NULL,
  `fName` varchar(45) NOT NULL,
  `mi` char(3) DEFAULT NULL,
  `lName` varchar(45) NOT NULL,
  `emailAddress` varchar(45) NOT NULL,
  `billHouseNo` varchar(10) DEFAULT NULL,
  `billStreet` varchar(45) DEFAULT NULL,
  `billSubd` varchar(45) DEFAULT NULL,
  `billCity` varchar(45) DEFAULT NULL,
  `billPostCode` varchar(10) DEFAULT NULL,
  `billCountry` varchar(45) DEFAULT NULL,
  `shipHouseNo` varchar(10) DEFAULT NULL,
  `shipStreet` varchar(45) DEFAULT NULL,
  `shipSubd` varchar(45) DEFAULT NULL,
  `shipCity` varchar(45) DEFAULT NULL,
  `shipPostCode` varchar(10) DEFAULT NULL,
  `shipCountry` varchar(45) DEFAULT NULL,
  `expiresOn` datetime DEFAULT NULL,
  `loginAttempts` int(11) NOT NULL DEFAULT '0',
  `lockedUntil` datetime DEFAULT NULL,
  `dateAdded` timestamp NOT NULL DEFAULT CURRENT_TIMESTAMP,
  `dateEdited` timestamp NOT NULL DEFAULT '0000-00-00 00:00:00',
  `status` tinyint(1) NOT NULL DEFAULT '1',
  PRIMARY KEY (`id`),
  UNIQUE KEY `username` (`username`),
  KEY `userfk_1` (`role`),
  CONSTRAINT `userfk_1` FOREIGN KEY (`role`) REFERENCES `tl_role` (`id`) ON DELETE CASCADE ON UPDATE CASCADE
) ENGINE=InnoDB AUTO_INCREMENT=16 DEFAULT CHARSET=utf8;
/*!40101 SET character_set_client = @saved_cs_client */;

--
-- Dumping data for table `tl_user`
--

LOCK TABLES `tl_user` WRITE;
/*!40000 ALTER TABLE `tl_user` DISABLE KEYS */;
INSERT INTO `tl_user` VALUES (1,1,'LannisterCustomer','$2a$10$pSMRnvZixVjqH7EvEsRUcOm.kD5kKqK0KVOMC/07Q4Og5pCwmgx.m','Ryan Austin','','Fernandez','ryanaustinf@yahoo.com',NULL,NULL,NULL,NULL,NULL,NULL,NULL,NULL,NULL,NULL,NULL,NULL,'2016-10-26 14:14:21',0,NULL,'2016-07-21 01:13:16','2016-07-21 01:13:16',1),(2,2,'LannisterPM','$2a$10$0rSDKei1IP3MNg0wuDocm./NR.LP.npxaQGoJwEmyO76fWskNvLNW','Ryan Austin','','Fernandez','ryanaustinf@yahoo.com',NULL,NULL,NULL,NULL,NULL,NULL,NULL,NULL,NULL,NULL,NULL,NULL,'2016-10-28 14:18:44',0,NULL,'2016-07-21 01:13:17','2016-07-22 01:51:34',1),(3,3,'LannisterAM','$2a$10$IYZFE8cLrgBqFxhBs8tulufNGlhxGvgmKmTcwLS9QEV5N4TJBpZZ2','Ryan Austin','','Fernandez','ryanaustinf@yahoo.com',NULL,NULL,NULL,NULL,NULL,NULL,NULL,NULL,NULL,NULL,NULL,NULL,'2016-10-27 14:47:02',0,NULL,'2016-07-21 01:13:17','2016-07-21 01:13:17',1),(4,4,'LannisterAdmin','$2a$10$isMBY5dA7CrfgOcRf1cfeOPbBEkFcm7OJmRQMPin4ilz.ONwVSuWO','Ryan Austin','','Fernandez','ryanaustinf@yahoo.com',NULL,NULL,NULL,NULL,NULL,NULL,NULL,NULL,NULL,NULL,NULL,NULL,'2016-10-28 14:39:08',0,NULL,'2016-07-21 01:13:18','2016-07-21 11:40:09',1),(5,2,'AldsTM','$2a$10$CXiK.82RSyoht9hrSjDAHOWSqd7BhtGxpruhos2jaj6E.DFB7YDJC','Alden','R.','Hade','alden@dlsu.edu.ph',NULL,NULL,NULL,NULL,NULL,NULL,NULL,NULL,NULL,NULL,NULL,NULL,NULL,0,NULL,'2016-07-21 11:22:31','2016-07-21 11:22:31',1),(6,3,'clareeseAM','$2a$12$croLUfYanOwzMuNGgi/gb.S6M1I38Y8khGighC39EBD3yQJqEtJda','Clarisse Felicia','M.','Poblete','clarisse_poblete@dlsu.edu.ph',NULL,NULL,NULL,NULL,NULL,NULL,NULL,NULL,NULL,NULL,NULL,NULL,'2016-10-25 17:41:29',0,NULL,'2016-07-21 11:28:27','2016-07-25 09:17:26',1),(7,3,'AldsAM','$2a$10$Lpy1Sfq3KdxmRYfOrahVYutUnZ9H9YZZYam7oEpdqL4jy5yvHT68a','Alden','R.','Hade','alden_hade@dlsu.edu.ph',NULL,NULL,NULL,NULL,NULL,NULL,NULL,NULL,NULL,NULL,NULL,NULL,NULL,0,NULL,'2016-07-21 11:29:34','2016-07-21 11:29:34',1),(8,2,'clareesePM','$2a$10$E1P4iST.LYSRsBz6YjoznecfVyO/YR3qEaaKmPag0Phk.0KrflFKu','Clarisse Felicia','M.','Poblete','clarisse_poblete@dlsu.edu.ph',NULL,NULL,NULL,NULL,NULL,NULL,NULL,NULL,NULL,NULL,NULL,NULL,'2016-10-22 09:17:41',0,NULL,'2016-07-21 11:30:21','2016-07-21 11:30:21',1),(9,2,'JonahPM','$2a$10$xrCPWrTKqXjqgePDz082suLUwRvJRZm1gzPauJf785TqJbn/v3gg.','Jonah','E.','Syfu','jonah_syfu@dlsu.edu.ph',NULL,NULL,NULL,NULL,NULL,NULL,NULL,NULL,NULL,NULL,NULL,NULL,'2016-10-25 17:38:19',0,NULL,'2016-07-21 11:48:59','2016-07-21 11:57:33',1),(10,3,'JonahAM','$2a$10$i.xj/nRzQfTzFt.pwMLllucO8AxSOOAaM/dIB9kQtxrwdnXc5AKJ2','Jonah','E.','Syfu','jonah_syfu@dlsu.edu.ph',NULL,NULL,NULL,NULL,NULL,NULL,NULL,NULL,NULL,NULL,NULL,NULL,'2016-07-31 20:31:45',0,NULL,'2016-07-21 12:31:45','2016-07-21 12:31:45',1),(11,2,'ChengPM','$2a$12$nWNJq/MlAuHPbBP2GE3X3eIUDO0kl.isoWQ3qTePrvzHx5pYHXZcq','Jan Kristoffer','D.','Cheng','jan_cheng@dlsu.edu.ph',NULL,NULL,NULL,NULL,NULL,NULL,NULL,NULL,NULL,NULL,NULL,NULL,'2016-10-25 17:23:14',0,NULL,'2016-07-25 03:17:51','2016-07-25 03:18:56',1),(12,3,'ChengAM','$2a$12$oz0A1aFnm6aXZ7IDygzE1.DtZnw70G7h7QT6s1hM4MBxgCYn44qbS','Jan Kristoffer','B.','Cheng','jan_cheng@dlsu.edu.ph',NULL,NULL,NULL,NULL,NULL,NULL,NULL,NULL,NULL,NULL,NULL,NULL,'2016-07-26 17:40:50',0,NULL,'2016-07-25 09:40:50','2016-07-25 09:40:50',1),(13,1,'ryanaustinf','$2a$12$wUQxLyG43RlKjpoSGTfhSesWyJDwX2mbsZv1FU.JuyT8oVCzqYMly','Ryan Austin','','Fernandez','ryanaustinf@yahoo.com','22A','E. Padua','BF Resort','Las Pinas','2892','Philippines','22A','E. Padua','BF Resort','Las Pinas','2892','Philippines','2016-10-26 16:08:43',0,NULL,'2016-07-26 08:08:43','0000-00-00 00:00:00',1),(14,1,'clareese','$2a$12$t6rAXiWgxWFkJBeQxV93tO68O53O5I2Ff7Bq5g7yfx8cFOWc5NpXG','Clarisse Felicia','M.','Poblete','clarisse_poblete@dlsu.edu.ph','22','Somwhere','Something','Muntinlupa','2221','Philippines','22','Somwhere','Something','Muntinlupa','2221','Philippines','2016-10-27 14:43:36',0,NULL,'2016-07-27 06:43:36','0000-00-00 00:00:00',1),(15,2,'FedAngPM','$2a$12$XJzLxxC81G1Y6yDBHUOvUedtfJdvHklX54BHQrw9DMuZSDKGP0jDO','Federico','','Ang','fed.dsp@gmail.com',NULL,NULL,NULL,NULL,NULL,NULL,NULL,NULL,NULL,NULL,NULL,NULL,'2016-07-29 14:39:10',0,NULL,'2016-07-28 06:39:10','0000-00-00 00:00:00',1);
/*!40000 ALTER TABLE `tl_user` ENABLE KEYS */;
UNLOCK TABLES;
/*!40103 SET TIME_ZONE=@OLD_TIME_ZONE */;

/*!40101 SET SQL_MODE=@OLD_SQL_MODE */;
/*!40014 SET FOREIGN_KEY_CHECKS=@OLD_FOREIGN_KEY_CHECKS */;
/*!40014 SET UNIQUE_CHECKS=@OLD_UNIQUE_CHECKS */;
/*!40101 SET CHARACTER_SET_CLIENT=@OLD_CHARACTER_SET_CLIENT */;
/*!40101 SET CHARACTER_SET_RESULTS=@OLD_CHARACTER_SET_RESULTS */;
/*!40101 SET COLLATION_CONNECTION=@OLD_COLLATION_CONNECTION */;
/*!40111 SET SQL_NOTES=@OLD_SQL_NOTES */;

-- Dump completed on 2016-07-28 23:08:59
